	track	direction	distance	weather	going	start_at	title	grade	date	round	place	days	requirement	rule	単勝:的中	単勝:配当	単勝:人気	複勝_1:的中	複勝_1:配当	複勝_1:人気	複勝_2:的中	複勝_2:配当	複勝_2:人気	複勝_3:的中	複勝_3:配当	複勝_3:人気	枠連:的中	枠連:配当	枠連:人気	ワイド_1:的中	ワイド_1:配当	ワイド_1:人気	ワイド_2:的中	ワイド_2:配当	ワイド_2:人気	ワイド_3:的中	ワイド_3:配当	ワイド_3:人気	馬単:的中	馬単:配当	馬単:人気	三連複:的中	三連複:配当	三連複:人気	三連単:的中	三連単:配当	三連単:人気	spacing_on_corner:1	spacing_on_corner:2	spacing_on_corner:3	spacing_on_corner:4	laptime	pacemaker	馬連:的中	馬連:配当	馬連:人気
199401010101	ダ	右	1700	晴	良	10:00	4歳以上オープン		1994-6-11	1	札幌	1	4歳以上オープン	[抽](別定)	7	400	2	7	130	2	4	200	5	3.0	100.0	1.0	4-7	1710	7																							6.8 - 11.8 - 12.3 - 13.0 - 13.7 - 13.1 - 12.6 - 12.7 - 13.8	6.8 - 18.6 - 30.9 - 43.9 - 57.6 - 70.7 - 83.3 - 96.0 - 109.8 (6.8-6.8)			
199401010102	ダ	右	1700	晴	良	10:25	4歳未勝利		1994-6-11	1	札幌	1	4歳未勝利	(馬齢)	2	390	2	2	140	3	7	100	1	8.0	110.0	2.0	2-7	450	1																							6.8 - 11.4 - 12.5 - 13.2 - 13.2 - 12.6 - 12.7 - 12.0 - 13.7	6.8 - 18.2 - 30.7 - 43.9 - 57.1 - 69.7 - 82.4 - 94.4 - 108.1 (6.8-6.8)			
199401010103	ダ	右	1700	晴	良	10:55	4歳未勝利		1994-6-11	1	札幌	1	4歳未勝利	(馬齢)	3	1340	6	3	300	6	8	120	1	6.0	270.0	4.0	3-8	900	4																							6.9 - 11.7 - 12.7 - 13.1 - 12.8 - 12.8 - 12.8 - 12.2 - 13.5	6.9 - 18.6 - 31.3 - 44.4 - 57.2 - 70.0 - 82.8 - 95.0 - 108.5 (6.9-6.9)	3-8	1140.0	5.0
199401010104	ダ	右	1000	晴	良	11:25	4歳未勝利		1994-6-11	1	札幌	1	4歳未勝利	(馬齢)	9	450	2	9	120	3	10	120	2	2.0	110.0	1.0	7-7	1220	3																							12.7 - 11.2 - 11.6 - 12.4 - 13.0	12.7 - 23.9 - 35.5 - 47.9 - 60.9 (12.7-12.7)	9-10	1270.0	4.0
199401010105	ダ	右	1000	晴	良	11:55	4歳未勝利		1994-6-11	1	札幌	1	4歳未勝利	(馬齢)	8	1010	4	8	220	4	12	130	1	2.0	270.0	5.0	6-8	390	1																							12.8 - 11.1 - 11.7 - 12.1 - 13.7	12.8 - 23.9 - 35.6 - 47.7 - 61.4 (12.8-12.8)	8-12	1430.0	5.0
199401010106	芝	右	1200	晴	良	12:55	3歳新馬		1994-6-11	1	札幌	1	3歳新馬	(混)(馬齢)	5	400	3	5	200	3	2	570	5				2-5	3210	11																							12.6 - 10.8 - 11.6 - 11.8 - 12.3 - 13.4	12.6 - 23.4 - 35.0 - 46.8 - 59.1 - 72.5 (12.6-12.6)			
199401010107	芝	右	1000	晴	良	13:25	3歳新馬		1994-6-11	1	札幌	1	3歳新馬	牝(馬齢)	6	460	2	6	220	3	3	420	8	2.0	280.0	4.0	3-6	2740	14																							12.2 - 10.6 - 10.9 - 11.7 - 13.2	12.2 - 22.8 - 33.7 - 45.4 - 58.6 (12.2-12.2)	3-6	2770.0	13.0
199401010108	ダ	右	1000	晴	良	14:00	4歳以上500万下		1994-6-11	1	札幌	1	4歳以上500万下	(馬齢)	7	430	2	7	140	2	9	110	1	11.0	200.0	5.0	6-7	320	1																							12.5 - 11.3 - 11.9 - 11.9 - 12.6	12.5 - 23.8 - 35.7 - 47.6 - 60.2 (12.5-12.5)	7-9	420.0	1.0
199401010109	ダ	右	1700	晴	良	14:35	北斗賞 		1994-6-11	1	札幌	1	4歳以上900万下	(混)(定量)	4	2430	6	4	790	6	5	280	3				4-5	3440	11																							6.7 - 11.2 - 12.4 - 13.0 - 12.9 - 12.3 - 12.1 - 12.1 - 12.4	6.7 - 17.9 - 30.3 - 43.3 - 56.2 - 68.5 - 80.6 - 92.7 - 105.1 (6.7-6.7)			
199401010110	芝	右	1800	晴	良	15:10	ニセコ特別 		1994-6-11	1	札幌	1	4歳以上500万下	(混)(馬齢)	10	4940	11	10	840	12	3	120	1	9.0	330.0	5.0	3-6	970	4																							12.5 - 11.8 - 12.4 - 12.4 - 12.1 - 12.1 - 11.8 - 11.8 - 12.0	12.5 - 24.3 - 36.7 - 49.1 - 61.2 - 73.3 - 85.1 - 96.9 - 108.9 (12.5-12.5)	3-10	3980.0	14.0
199401010111	芝	右	1200	晴	良	15:45	TVh賞 		1994-6-11	1	札幌	1	4歳以上900万下	(定量)	3	1480	7	3	300	6	1	160	2	5.0	210.0	3.0	1-3	3030	14																							12.2 - 10.6 - 11.0 - 11.5 - 12.3 - 12.2	12.2 - 22.8 - 33.8 - 45.3 - 57.6 - 69.8 (12.2-12.2)			
199401010201	ダ	右	1700	晴	良	10:00	4歳未勝利		1994-6-12	1	札幌	2	4歳未勝利	(混)(指)(馬齢)	3	220	1	3	140	2	1	160	3	7.0	420.0	7.0	1-3	620	2																							6.6 - 12.0 - 12.6 - 12.8 - 12.5 - 13.0 - 13.3 - 13.5 - 13.5	6.6 - 18.6 - 31.2 - 44.0 - 56.5 - 69.5 - 82.8 - 96.3 - 109.8 (6.6-6.6)			
199401010202	ダ	右	1700	晴	良	10:25	4歳未勝利		1994-6-12	1	札幌	2	4歳未勝利	(指)(馬齢)	4	250	1	4	130	2	6	150	3	3.0	230.0	6.0	4-6	1060	7																							6.8 - 11.4 - 12.3 - 12.7 - 12.6 - 13.0 - 13.3 - 13.7 - 13.2	6.8 - 18.2 - 30.5 - 43.2 - 55.8 - 68.8 - 82.1 - 95.8 - 109.0 (6.8-6.8)			
199401010203	ダ	右	1700	晴	良	10:55	4歳未勝利		1994-6-12	1	札幌	2	4歳未勝利	(指)(馬齢)	9	260	1	9	120	1	6	160	4	5.0	150.0	3.0	6-8	530	2																							6.7 - 11.5 - 11.8 - 13.2 - 13.7 - 13.0 - 13.2 - 13.3 - 12.8	6.7 - 18.2 - 30.0 - 43.2 - 56.9 - 69.9 - 83.1 - 96.4 - 109.2 (6.7-6.7)	6-9	580.0	2.0
199401010204	ダ	右	1000	晴	良	11:25	4歳未勝利		1994-6-12	1	札幌	2	4歳未勝利	(指)(馬齢)	6	200	1	6	150	2	2	340	5	7.0	250.0	4.0	2-6	1780	6																							13.0 - 11.5 - 11.9 - 12.6 - 12.4	13.0 - 24.5 - 36.4 - 49.0 - 61.4 (13.0-13.0)	2-6	2630.0	9.0
199401010205	ダ	右	1000	晴	良	11:55	3歳新馬		1994-6-12	1	札幌	2	3歳新馬	(混)(指)(馬齢)	1	690	4	1	190	4	6	120	1	5.0	190.0	5.0	1-6	920	5																							13.1 - 12.0 - 12.5 - 12.2 - 12.3	13.1 - 25.1 - 37.6 - 49.8 - 62.1 (13.1-13.1)	1-6	910.0	4.0
199401010206	芝	右	1000	晴	良	12:55	3歳新馬		1994-6-12	1	札幌	2	3歳新馬	(指)(馬齢)	2	1430	5	2	210	5	4	180	3	5.0	100.0	1.0	2-4	2980	13																							12.6 - 11.0 - 11.1 - 12.2 - 12.4	12.6 - 23.6 - 34.7 - 46.9 - 59.3 (12.6-12.6)			
199401010207	ダ	右	1700	晴	良	13:25	4歳以上500万下		1994-6-12	1	札幌	2	4歳以上500万下	牝(指)(馬齢)	7	220	1	7	130	1	6	180	3	8.0	570.0	8.0	6-7	620	2																							6.7 - 11.3 - 11.9 - 12.5 - 13.0 - 13.4 - 13.1 - 13.4 - 13.5	6.7 - 18.0 - 29.9 - 42.4 - 55.4 - 68.8 - 81.9 - 95.3 - 108.8 (6.7-6.7)			
199401010208	芝	右	2000	晴	良	14:00	支笏湖特別 		1994-6-12	1	札幌	2	4歳以上900万下	(混)(指)(定量)	1	290	1	1	140	1	2	150	2				1-2	440	1																							12.8 - 10.9 - 12.3 - 12.5 - 12.6 - 12.1 - 12.0 - 11.8 - 12.2 - 11.8	12.8 - 23.7 - 36.0 - 48.5 - 61.1 - 73.2 - 85.2 - 97.0 - 109.2 - 121.0 (12.8-12.8)			
199401010210	芝	右	1200	晴	良	15:10	石狩特別 		1994-6-12	1	札幌	2	4歳以上500万下	(混)(指)(馬齢)	3	1360	7	3	410	8	6	250	5	1.0	340.0	6.0	2-4	2280	11																							12.1 - 10.8 - 11.3 - 11.5 - 12.3 - 11.7	12.1 - 22.9 - 34.2 - 45.7 - 58.0 - 69.7 (12.1-12.1)	3-6	3930.0	21.0
199401010301	芝	右	1500	曇	良	10:00	4歳以上オープン		1994-6-18	1	札幌	3	4歳以上オープン	[抽](別定)	6	720	4	6	210	5	4	390	6	5.0	160.0	2.0	4-6	8170	17																							7.3 - 11.2 - 11.6 - 11.8 - 11.9 - 11.9 - 12.7 - 12.7	7.3 - 18.5 - 30.1 - 41.9 - 53.8 - 65.7 - 78.4 - 91.1 (7.3-7.3)	4-6	7680.0	22.0
199401010302	ダ	右	1000	曇	良	10:25	4歳未勝利		1994-6-18	1	札幌	3	4歳未勝利	(混)(馬齢)	8	140	1	8	120	1	1	180	4	5.0	510.0	7.0	1-8	740	3																							12.7 - 11.3 - 12.0 - 12.1 - 12.8	12.7 - 24.0 - 36.0 - 48.1 - 60.9 (12.7-12.7)			
199401010303	ダ	右	1700	曇	良	10:50	4歳未勝利		1994-6-18	1	札幌	3	4歳未勝利	(馬齢)	7	840	4	7	170	4	5	100	1	6.0	110.0	2.0	5-7	810	4																							6.8 - 11.9 - 12.5 - 12.6 - 12.6 - 12.7 - 12.8 - 12.8 - 12.6	6.8 - 18.7 - 31.2 - 43.8 - 56.4 - 69.1 - 81.9 - 94.7 - 107.3 (6.8-6.8)			
199401010304	ダ	右	1700	曇	良	11:15	4歳未勝利		1994-6-18	1	札幌	3	4歳未勝利	(馬齢)	4	370	2	4	130	3	7	110	2	6.0	100.0	1.0	4-7	1020	5																							6.8 - 11.7 - 12.6 - 12.7 - 12.5 - 12.8 - 13.5 - 13.4 - 13.4	6.8 - 18.5 - 31.1 - 43.8 - 56.3 - 69.1 - 82.6 - 96.0 - 109.4 (6.8-6.8)			
199401010305	ダ	右	1000	曇	良	11:45	4歳未勝利		1994-6-18	1	札幌	3	4歳未勝利	(馬齢)	2	180	1	2	100	1	1	130	3	5.0	110.0	2.0	1-2	430	2																							12.8 - 11.2 - 12.0 - 12.7 - 13.1	12.8 - 24.0 - 36.0 - 48.7 - 61.8 (12.8-12.8)			
199401010306	ダ	右	1700	晴	良	12:45	4歳未勝利		1994-6-18	1	札幌	3	4歳未勝利	牝(馬齢)	9	220	1	9	110	1	1	690	8	8.0	220.0	5.0	1-8	3020	10																							6.8 - 11.5 - 12.5 - 12.8 - 12.9 - 12.8 - 12.9 - 13.0 - 13.8	6.8 - 18.3 - 30.8 - 43.6 - 56.5 - 69.3 - 82.2 - 95.2 - 109.0 (6.8-6.8)	1-9	4870.0	20.0
199401010307	芝	右	1000	晴	良	13:15	3歳新馬		1994-6-18	1	札幌	3	3歳新馬	(混)(馬齢)	1	350	2	1	140	2	2	110	1	6.0	160.0	3.0	1-2	460	1																							12.2 - 11.0 - 11.5 - 12.2 - 12.2	12.2 - 23.2 - 34.7 - 46.9 - 59.1 (12.2-12.2)	1-2	500.0	1.0
199401010308	ダ	右	1700	晴	良	13:50	4歳以上500万下		1994-6-18	1	札幌	3	4歳以上500万下	(父)(別定)	2	780	5	2	310	3	5	360	4				2-5	1700	10																							6.9 - 11.3 - 12.0 - 12.1 - 12.2 - 12.8 - 13.0 - 13.3 - 13.9	6.9 - 18.2 - 30.2 - 42.3 - 54.5 - 67.3 - 80.3 - 93.6 - 107.5 (6.9-6.9)			
199401010309	ダ	右	1700	晴	良	14:25	千歳特別 		1994-6-18	1	札幌	3	4歳以上500万下	(別定)	6	3910	7	6	1,270	7	3	160	1				3-6	4120	15																							6.7 - 11.7 - 12.1 - 12.3 - 12.3 - 12.3 - 12.8 - 13.0 - 13.9	6.7 - 18.4 - 30.5 - 42.8 - 55.1 - 67.4 - 80.2 - 93.2 - 107.1 (6.7-6.7)			
199401010310	芝	右	1500	晴	良	15:00	手稲山特別 		1994-6-18	1	札幌	3	4歳以上500万下	(混)(別定)	6	750	4	6	210	4	12	120	1	7.0	140.0	2.0	5-8	810	3																							7.4 - 10.6 - 10.9 - 11.3 - 11.9 - 12.2 - 13.1 - 12.1	7.4 - 18.0 - 28.9 - 40.2 - 52.1 - 64.3 - 77.4 - 89.5 (7.4-7.4)	6-12	920.0	3.0
199401010401	ダ	右	1700	晴	良	10:15	4歳未勝利		1994-6-19	1	札幌	4	4歳未勝利	(馬齢)	3	810	5	3	190	5	2	100	1	6.0	150.0	3.0	2-3	760	4																							6.7 - 11.6 - 12.4 - 12.6 - 12.5 - 12.8 - 12.9 - 13.1 - 13.7	6.7 - 18.3 - 30.7 - 43.3 - 55.8 - 68.6 - 81.5 - 94.6 - 108.3 (6.7-6.7)	2-3	770.0	4.0
199401010402	ダ	右	1000	晴	良	10:45	4歳未勝利		1994-6-19	1	札幌	4	4歳未勝利	(馬齢)	2	210	1	2	110	1	10	150	3	3.0	150.0	4.0	2-8	460	2																							12.6 - 11.3 - 11.7 - 12.5 - 13.3	12.6 - 23.9 - 35.6 - 48.1 - 61.4 (12.6-12.6)	2-10	480.0	1.0
199401010403	ダ	右	1700	晴	良	11:15	4歳未勝利		1994-6-19	1	札幌	4	4歳未勝利	(馬齢)	6	130	1	6	100	1	8	100	2	2.0	150.0	4.0	6-8	240	1																							7.0 - 11.9 - 12.6 - 13.5 - 13.1 - 12.4 - 13.1 - 13.0 - 12.8	7.0 - 18.9 - 31.5 - 45.0 - 58.1 - 70.5 - 83.6 - 96.6 - 109.4 (7.0-7.0)			
199401010404	ダ	右	1000	晴	良	11:45	3歳新馬		1994-6-19	1	札幌	4	3歳新馬	(馬齢)	2	420	2	2	130	2	8	100	1	1.0	600.0	7.0	2-8	290	1																							12.8 - 11.0 - 11.8 - 12.9 - 13.6	12.8 - 23.8 - 35.6 - 48.5 - 62.1 (12.8-12.8)			
199401010405	芝	右	1200	晴	良	12:45	3歳新馬		1994-6-19	1	札幌	4	3歳新馬	(馬齢)	3	290	2	3	140	2	10	210	3	6.0	740.0	9.0	3-8	710	3																							12.6 - 10.7 - 11.9 - 11.9 - 12.9 - 12.4	12.6 - 23.3 - 35.2 - 47.1 - 60.0 - 72.4 (12.6-12.6)	3-10	1080.0	3.0
199401010406	芝	右	2600	晴	良	13:15	4歳以上500万下		1994-6-19	1	札幌	4	4歳以上500万下	(混)(別定)	7	1180	6	7	450	7	3	370	6	5.0	250.0	4.0	3-7	11300	24																							13.0 - 11.4 - 12.2 - 13.0 - 13.0 - 13.2 - 12.7 - 12.6 - 12.0 - 12.0 - 12.1 - 12.8 - 12.9	13.0 - 24.4 - 36.6 - 49.6 - 62.6 - 75.8 - 88.5 - 101.1 - 113.1 - 125.1 - 137.2 - 150.0 - 162.9 (13.0-13.0)	3-7	11650.0	31.0
199401010407	ダ	右	1700	晴	良	13:50	4歳以上500万下		1994-6-19	1	札幌	4	4歳以上500万下	(別定)	10	420	3	10	150	1	9	160	3	2.0	220.0	5.0	8-8	890	3																							6.8 - 11.7 - 12.4 - 12.6 - 12.5 - 12.6 - 12.3 - 12.5 - 13.7	6.8 - 18.5 - 30.9 - 43.5 - 56.0 - 68.6 - 80.9 - 93.4 - 107.1 (6.8-6.8)	9-10	890.0	1.0
199401010408	芝	右	2000	晴	良	14:25	恵庭岳特別 		1994-6-19	1	札幌	4	4歳以上500万下	(別定)	7	900	3	7	180	3	6	100	1	2.0	240.0	5.0	6-6	480	2																							12.5 - 11.9 - 12.0 - 11.9 - 12.5 - 13.2 - 12.2 - 11.7 - 12.6 - 12.2	12.5 - 24.4 - 36.4 - 48.3 - 60.8 - 74.0 - 86.2 - 97.9 - 110.5 - 122.7 (12.5-12.5)	6-7	550.0	2.0
199401010409	芝	右	1500	晴	良	15:00	大倉山特別 		1994-6-19	1	札幌	4	4歳以上900万下	(混)(別定)	5	610	4	5	170	4	7	120	1	6.0	140.0	2.0	5-7	760	3																							7.4 - 10.8 - 11.2 - 11.1 - 11.6 - 12.0 - 12.6 - 12.7	7.4 - 18.2 - 29.4 - 40.5 - 52.1 - 64.1 - 76.7 - 89.4 (7.4-7.4)	5-7	810.0	2.0
199401010501	ダ	右	1000	曇	良	10:00	4歳未勝利		1994-6-25	1	札幌	5	4歳未勝利	(馬齢)	1	100	1	1	100	1	6	190	3				1-6	310	1																							13.0 - 11.1 - 11.8 - 12.6 - 13.6	13.0 - 24.1 - 35.9 - 48.5 - 62.1 (13.0-13.0)			
199401010502	ダ	右	1700	曇	良	10:25	4歳未勝利		1994-6-25	1	札幌	5	4歳未勝利	(父)(馬齢)	6	370	3	6	110	3	5	100	1	2.0	100.0	2.0	5-6	440	2																							6.7 - 11.6 - 12.4 - 12.7 - 13.0 - 12.4 - 12.8 - 13.0 - 13.6	6.7 - 18.3 - 30.7 - 43.4 - 56.4 - 68.8 - 81.6 - 94.6 - 108.2 (6.7-6.7)			
199401010503	ダ	右	1000	晴	良	10:50	4歳以上オープン		1994-6-25	1	札幌	5	4歳以上オープン	[抽](別定)	9	530	3	9	390	6	8	240	3	7.0	850.0	8.0	8-8	1990	8																							12.8 - 11.3 - 11.8 - 12.2 - 13.1	12.8 - 24.1 - 35.9 - 48.1 - 61.2 (12.8-12.8)	8-9	2150.0	8.0
199401010504	ダ	右	1700	晴	良	11:15	4歳未勝利		1994-6-25	1	札幌	5	4歳未勝利	(馬齢)	2	130	1	2	110	1	5	160	2	6.0	620.0	8.0	2-5	250	1																							7.0 - 11.4 - 12.4 - 13.2 - 13.3 - 12.7 - 12.6 - 12.7 - 12.8	7.0 - 18.4 - 30.8 - 44.0 - 57.3 - 70.0 - 82.6 - 95.3 - 108.1 (7.0-7.0)			
199401010505	ダ	右	1000	晴	良	11:45	4歳未勝利		1994-6-25	1	札幌	5	4歳未勝利	(馬齢)	2	490	2	2	220	3	3	720	9	1.0	270.0	5.0	2-3	6670	18																							12.9 - 11.0 - 11.9 - 12.2 - 13.0	12.9 - 23.9 - 35.8 - 48.0 - 61.0 (12.9-12.9)	2-3	6520.0	19.0
199401010506	ダ	右	1700	曇	良	12:45	4歳未勝利		1994-6-25	1	札幌	5	4歳未勝利	(馬齢)	8	520	3	8	160	3	7	160	4	2.0	120.0	1.0	7-8	1760	8																							6.6 - 11.8 - 12.9 - 12.4 - 13.2 - 12.7 - 12.8 - 13.0 - 13.8	6.6 - 18.4 - 31.3 - 43.7 - 56.9 - 69.6 - 82.4 - 95.4 - 109.2 (6.6-6.6)			
199401010507	ダ	右	1700	曇	良	13:15	4歳以上500万下		1994-6-25	1	札幌	5	4歳以上500万下	(別定)	7	720	3	7	180	3	10	130	1	3.0	130.0	2.0	7-8	890	2																							6.6 - 11.5 - 12.2 - 12.1 - 12.5 - 12.7 - 12.9 - 13.6 - 14.4	6.6 - 18.1 - 30.3 - 42.4 - 54.9 - 67.6 - 80.5 - 94.1 - 108.5 (6.6-6.6)	7-10	1000.0	2.0
199401010508	芝	右	1500	曇	良	13:50	4歳以上500万下		1994-6-25	1	札幌	5	4歳以上500万下	(別定)	1	3040	8	1	580	7	5	700	8	6.0	380.0	5.0	1-5	19880	26																							7.1 - 10.7 - 10.9 - 11.2 - 11.8 - 12.2 - 12.9 - 13.0	7.1 - 17.8 - 28.7 - 39.9 - 51.7 - 63.9 - 76.8 - 89.8 (7.1-7.1)	1-5	22210.0	40.0
199401010509	ダ	右	1000	曇	良	14:25	羊ケ丘特別 		1994-6-25	1	札幌	5	4歳以上500万下	(混)(別定)	4	980	5	4	220	5	3	120	1	10.0	140.0	2.0	3-4	920	4																							12.3 - 10.8 - 11.5 - 12.0 - 13.1	12.3 - 23.1 - 34.6 - 46.6 - 59.7 (12.3-12.3)	3-4	960.0	4.0
199401010510	芝	右	1800	曇	良	15:00	十勝岳特別 		1994-6-25	1	札幌	5	4歳以上500万下	(混)(別定)	5	420	4	5	150	4	3	120	2	4.0	120.0	1.0	3-5	730	5																							12.8 - 12.1 - 11.9 - 12.0 - 12.3 - 11.9 - 11.9 - 12.9 - 11.9	12.8 - 24.9 - 36.8 - 48.8 - 61.1 - 73.0 - 84.9 - 97.8 - 109.7 (12.8-12.8)	3-5	750.0	5.0
199401010511	芝	右	1200	曇	良	15:35	藻岩山特別 		1994-6-25	1	札幌	5	4歳以上900万下	(混)(ハンデ)	8	480	1	8	220	2	1	330	6	12.0	1,600	11.0	1-6	1530	6																							12.0 - 10.4 - 10.9 - 11.4 - 12.6 - 12.4	12.0 - 22.4 - 33.3 - 44.7 - 57.3 - 69.7 (12.0-12.0)	1-8	3050.0	16.0
199401010601	ダ	右	1700	晴	良	10:15	4歳未勝利		1994-6-26	1	札幌	6	4歳未勝利	(馬齢)	3	150	1	3	120	1	1	180	3				1-3	420	2																							6.7 - 11.9 - 12.7 - 12.7 - 12.8 - 12.8 - 12.6 - 13.2 - 13.3	6.7 - 18.6 - 31.3 - 44.0 - 56.8 - 69.6 - 82.2 - 95.4 - 108.7 (6.7-6.7)			
199401010602	ダ	右	1700	晴	良	10:45	4歳未勝利		1994-6-26	1	札幌	6	4歳未勝利	(混)(馬齢)	2	460	2	2	190	5	5	180	3	8.0	150	2.0	2-5	1540	7																							7.0 - 11.6 - 12.5 - 12.6 - 12.9 - 12.8 - 12.8 - 13.5 - 13.4	7.0 - 18.6 - 31.1 - 43.7 - 56.6 - 69.4 - 82.2 - 95.7 - 109.1 (7.0-7.0)			
199401010603	ダ	右	1000	晴	良	11:15	4歳未勝利		1994-6-26	1	札幌	6	4歳未勝利	(馬齢)	7	3770	8	7	620	8	3	210	3	5.0	150	2.0	3-7	10130	22																							12.5 - 11.1 - 11.8 - 12.4 - 13.2	12.5 - 23.6 - 35.4 - 47.8 - 61.0 (12.5-12.5)	3-7	10200.0	26.0
199401010604	ダ	右	1000	曇	良	11:45	4歳未勝利		1994-6-26	1	札幌	6	4歳未勝利	(馬齢)	7	740	3	7	130	2	3	100	1	8.0	150	3.0	3-7	400	2																							12.9 - 11.1 - 12.0 - 12.5 - 13.3	12.9 - 24.0 - 36.0 - 48.5 - 61.8 (12.9-12.9)	3-7	380.0	2.0
199401010605	芝	右	1000	曇	良	12:45	3歳新馬		1994-6-26	1	札幌	6	3歳新馬	(混)(馬齢)	4	210	1	4	140	2	9	450	7	7.0	310	5.0	4-8	3370	12																							12.5 - 10.9 - 11.1 - 12.1 - 12.6	12.5 - 23.4 - 34.5 - 46.6 - 59.2 (12.5-12.5)	4-9	4070.0	14.0
199401010606	ダ	右	1700	曇	良	13:15	4歳以上500万下		1994-6-26	1	札幌	6	4歳以上500万下	(別定)	7	170	1	7	110	1	8	120	2	3.0	340	8.0	7-8	270	1																							6.8 - 11.7 - 12.4 - 12.5 - 12.4 - 12.6 - 12.9 - 13.0 - 13.6	6.8 - 18.5 - 30.9 - 43.4 - 55.8 - 68.4 - 81.3 - 94.3 - 107.9 (6.8-6.8)	7-8	310.0	1.0
199401010607	ダ	右	1000	曇	良	13:50	4歳以上500万下		1994-6-26	1	札幌	6	4歳以上500万下	(別定)	8	920	5	8	270	5	4	280	6	3.0	210	4.0	4-8	4720	17																							12.8 - 11.1 - 11.5 - 12.3 - 13.2	12.8 - 23.9 - 35.4 - 47.7 - 60.9 (12.8-12.8)			
199401010608	芝	右	2600	曇	良	14:25	道新スポーツ賞 		1994-6-26	1	札幌	6	4歳以上900万下	(混)(別定)	2	1010	4	2	460	4	1	550	5				1-2	4910	19																							13.2 - 11.5 - 11.7 - 12.1 - 12.6 - 13.3 - 13.2 - 12.8 - 12.6 - 11.8 - 11.9 - 12.7 - 12.3	13.2 - 24.7 - 36.4 - 48.5 - 61.1 - 74.4 - 87.6 - 100.4 - 113.0 - 124.8 - 136.7 - 149.4 - 161.7 (13.2-13.2)			
199401010609	芝	右	1200	曇	良	15:00	小樽特別 		1994-6-26	1	札幌	6	4歳以上500万下	牝(別定)	7	260	2	7	110	2	4	160	3	1.0	110	1.0	4-7	1000	3																							12.3 - 10.5 - 11.4 - 11.8 - 12.1 - 12.3	12.3 - 22.8 - 34.2 - 46.0 - 58.1 - 70.4 (12.3-12.3)	4-7	1280.0	5.0
199401010610	芝	右	1000	曇	良	15:35	白樺賞 		1994-6-26	1	札幌	6	4歳以上オープン	(混)(別定)	2	580	4	2	220	4	4	320	6	3.0	280	5.0	2-4	2690	14																							12.1 - 10.5 - 10.9 - 11.4 - 12.0	12.1 - 22.6 - 33.5 - 44.9 - 56.9 (12.1-12.1)	2-4	2540.0	13.0
199401010611	ダ	右	1700	曇	良	16:10	4歳以上500万下		1994-6-26	1	札幌	6	4歳以上500万下	(混)(別定)	8	440	3	8	220	5	2	210	3	7.0	240	6.0	2-8	550	2																							6.9 - 11.2 - 12.2 - 13.1 - 12.5 - 12.6 - 12.7 - 13.3 - 13.3	6.9 - 18.1 - 30.3 - 43.4 - 55.9 - 68.5 - 81.2 - 94.5 - 107.8 (6.9-6.9)	2-8	1210.0	5.0
199401010701	ダ	右	1000	曇	良	10:00	4歳未勝利		1994-7-2	1	札幌	7	4歳未勝利	牝(馬齢)	3	560	3	3	140	3	1	130	2	5.0	210	4.0	1-3	680	3																							12.6 - 11.4 - 11.7 - 12.0 - 12.9	12.6 - 24.0 - 35.7 - 47.7 - 60.6 (12.6-12.6)			
199401010702	ダ	右	1700	曇	良	10:25	4歳未勝利		1994-7-2	1	札幌	7	4歳未勝利	(馬齢)	7	120	1	7	100	1	5	120	2	3.0	430	8.0	5-7	200	1																							6.6 - 11.8 - 12.3 - 12.6 - 12.7 - 12.8 - 12.9 - 13.0 - 13.7	6.6 - 18.4 - 30.7 - 43.3 - 56.0 - 68.8 - 81.7 - 94.7 - 108.4 (6.6-6.6)			
199401010704	ダ	右	1700	曇	良	11:15	4歳未勝利		1994-7-2	1	札幌	7	4歳未勝利	(馬齢)	8	190	1	8	110	1	5	130	2	4.0	270	5.0	5-8	340	1																							6.7 - 11.2 - 12.2 - 12.7 - 12.6 - 12.7 - 13.1 - 13.7 - 13.7	6.7 - 17.9 - 30.1 - 42.8 - 55.4 - 68.1 - 81.2 - 94.9 - 108.6 (6.7-6.7)	5-8	380.0	1.0
199401010705	ダ	右	1700	曇	良	11:45	4歳未勝利		1994-7-2	1	札幌	7	4歳未勝利	(馬齢)	5	770	3	5	190	4	7	140	1	4.0	220	5.0	5-7	1080	4																							6.5 - 11.6 - 12.5 - 12.9 - 12.8 - 12.8 - 13.3 - 13.2 - 13.5	6.5 - 18.1 - 30.6 - 43.5 - 56.3 - 69.1 - 82.4 - 95.6 - 109.1 (6.5-6.5)	5-7	1140.0	3.0
199401010706	ダ	右	1000	曇	良	12:45	3歳新馬		1994-7-2	1	札幌	7	3歳新馬	(混)(馬齢)	5	240	2	5	130	1	7	290	4				5-7	870	5																							12.8 - 11.1 - 11.7 - 12.3 - 13.6	12.8 - 23.9 - 35.6 - 47.9 - 61.5 (12.8-12.8)			
199401010707	芝	右	1200	曇	良	13:15	3歳新馬		1994-7-2	1	札幌	7	3歳新馬	(混)(馬齢)	4	210	1	4	110	1	1	120	2	3.0	190	5.0	1-4	300	1																							12.5 - 10.7 - 11.3 - 11.6 - 12.0 - 12.4	12.5 - 23.2 - 34.5 - 46.1 - 58.1 - 70.5 (12.5-12.5)			
199401010708	ダ	右	1000	曇	良	13:50	4歳以上500万下		1994-7-2	1	札幌	7	4歳以上500万下	(別定)	7	460	2	7	130	3	3	100	1	5.0	120	2.0	3-7	330	1																							12.8 - 11.2 - 11.8 - 12.0 - 12.5	12.8 - 24.0 - 35.8 - 47.8 - 60.3 (12.8-12.8)			
199401010709	ダ	右	1700	曇	良	14:25	苫小牧特別 		1994-7-2	1	札幌	7	4歳以上500万下	(混)(別定)	8	270	1	8	130	1	4	150	3	11.0	350	7.0	4-7	580	2																							6.6 - 11.5 - 12.1 - 12.3 - 12.2 - 12.3 - 12.7 - 13.4 - 13.3	6.6 - 18.1 - 30.2 - 42.5 - 54.7 - 67.0 - 79.7 - 93.1 - 106.4 (6.6-6.6)	4-8	740.0	2.0
199401010801	ダ	右	1000	晴	良	10:00	4歳未勝利		1994-7-3	1	札幌	8	4歳未勝利	(混)(馬齢)	8	570	4	8	190	5	7	120	1	1.0	130	2.0	7-8	960	4																							12.5 - 11.0 - 11.7 - 12.6 - 13.1	12.5 - 23.5 - 35.2 - 47.8 - 60.9 (12.5-12.5)			
199401010802	ダ	右	1700	晴	良	10:25	4歳未勝利		1994-7-3	1	札幌	8	4歳未勝利	(馬齢)	4	320	2	4	120	1	2	160	5	6.0	120	2.0	2-4	1120	7																							6.8 - 11.6 - 12.4 - 12.4 - 12.5 - 12.9 - 13.3 - 14.4 - 13.8	6.8 - 18.4 - 30.8 - 43.2 - 55.7 - 68.6 - 81.9 - 96.3 - 110.1 (6.8-6.8)			
199401010803	ダ	右	1000	晴	良	10:50	4歳未勝利		1994-7-3	1	札幌	8	4歳未勝利	(馬齢)	6	140	1	6	100	1	7	130	2	4.0	330	6.0	6-7	330	2																							12.7 - 11.0 - 11.9 - 12.9 - 12.7	12.7 - 23.7 - 35.6 - 48.5 - 61.2 (12.7-12.7)			
199401010804	ダ	右	1700	晴	良	11:15	4歳未勝利		1994-7-3	1	札幌	8	4歳未勝利	(馬齢)	8	1190	5	8	300	5	2	100	1	4.0	180	3.0	2-7	570	2																							6.8 - 11.6 - 12.3 - 12.6 - 12.4 - 12.7 - 13.6 - 13.6 - 12.9	6.8 - 18.4 - 30.7 - 43.3 - 55.7 - 68.4 - 82.0 - 95.6 - 108.5 (6.8-6.8)	2-8	1130.0	4.0
199401010805	芝	右	1000	晴	良	11:45	3歳新馬		1994-7-3	1	札幌	8	3歳新馬	(馬齢)	2	2330	7	2	470	7	6	160	3	8.0	200	4.0	2-6	6930	19																							12.5 - 10.9 - 11.6 - 12.1 - 12.4	12.5 - 23.4 - 35.0 - 47.1 - 59.5 (12.5-12.5)	2-6	7290.0	21.0
199401010806	ダ	右	1000	晴	良	12:45	4歳以上500万下		1994-7-3	1	札幌	8	4歳以上500万下	(別定)	3	180	1	3	100	1	8	140	2	9.0	140	3.0	3-8	190	1																							12.4 - 10.8 - 11.6 - 12.5 - 13.7	12.4 - 23.2 - 34.8 - 47.3 - 61.0 (12.4-12.4)	3-8	540.0	2.0
199401010807	ダ	右	1700	晴	良	13:15	4歳以上500万下		1994-7-3	1	札幌	8	4歳以上500万下	(別定)	2	380	2	2	160	2	10	250	4	3.0	440	7.0	2-8	630	3																							7.0 - 11.6 - 12.4 - 12.5 - 12.3 - 12.4 - 13.2 - 13.2 - 14.5	7.0 - 18.6 - 31.0 - 43.5 - 55.8 - 68.2 - 81.4 - 94.6 - 109.1 (7.0-7.0)	2-10	1240.0	4.0
199401010808	ダ	右	1700	晴	良	13:50	4歳以上500万下		1994-7-3	1	札幌	8	4歳以上500万下	(別定)	2	370	2	2	150	1	8	170	3	10.0	190	4.0	2-7	810	5																							6.6 - 11.5 - 12.6 - 12.7 - 12.4 - 12.3 - 12.7 - 13.0 - 13.3	6.6 - 18.1 - 30.7 - 43.4 - 55.8 - 68.1 - 80.8 - 93.8 - 107.1 (6.6-6.6)	2-8	1170.0	3.0
199401010809	芝	右	1000	晴	良	14:25	まりも特別 		1994-7-3	1	札幌	8	4歳以上500万下	(混)(別定)	4	880	4	4	260	3	8	170	2	3.0	430	6.0	3-5	980	5																							12.0 - 10.5 - 11.1 - 12.2 - 12.1	12.0 - 22.5 - 33.6 - 45.8 - 57.9 (12.0-12.0)	4-8	1190.0	4.0
199401010810	ダ	右	1700	晴	良	15:00	羊蹄山特別 		1994-7-3	1	札幌	8	4歳以上900万下	(混)(ハンデ)	10	280	1	10	120	1	11	250	5	7.0	310	6.0	7-8	1120	5																							6.9 - 10.7 - 12.0 - 12.3 - 12.3 - 12.2 - 12.5 - 12.5 - 12.8	6.9 - 17.6 - 29.6 - 41.9 - 54.2 - 66.4 - 78.9 - 91.4 - 104.2 (6.9-6.9)	10-11	1300.0	6.0
199401020101	ダ	右	1700	曇	良	10:00	4歳以上オープン		1994-7-9	2	札幌	1	4歳以上オープン	[抽](別定)	6	2230	5	6	990	6	1	590	4				1-6	8780	16																							6.9 - 11.1 - 11.9 - 12.7 - 13.4 - 13.1 - 13.2 - 13.4 - 13.5	6.9 - 18.0 - 29.9 - 42.6 - 56.0 - 69.1 - 82.3 - 95.7 - 109.2 (6.9-6.9)			
199401020102	ダ	右	1000	曇	良	10:25	4歳未勝利		1994-7-9	2	札幌	1	4歳未勝利	(馬齢)	10	700	5	10	220	5	2	180	2	3.0	1,810	10.0	2-8	790	4																							12.9 - 11.3 - 11.8 - 12.2 - 12.3	12.9 - 24.2 - 36.0 - 48.2 - 60.5 (12.9-12.9)	2-10	1730.0	11.0
199401020103	ダ	右	1000	曇	良	10:50	4歳未勝利		1994-7-9	2	札幌	1	4歳未勝利	(馬齢)	10	310	2	10	110	2	9	100	1	1.0	150	3.0	8-8	170	1																							12.9 - 11.6 - 11.8 - 12.2 - 12.5	12.9 - 24.5 - 36.3 - 48.5 - 61.0 (12.9-12.9)	9-10	190.0	1.0
199401020104	ダ	右	1700	曇	良	11:15	4歳未勝利		1994-7-9	2	札幌	1	4歳未勝利	(馬齢)	10	870	4	10	130	2	4	110	1	7.0	160	3.0	4-7	430	2																							7.0 - 11.1 - 12.4 - 12.9 - 13.1 - 13.0 - 13.1 - 13.1 - 13.3	7.0 - 18.1 - 30.5 - 43.4 - 56.5 - 69.5 - 82.6 - 95.7 - 109.0 (7.0-7.0)	4-10	590.0	3.0
199401020105	芝	右	1000	曇	良	11:45	3歳新馬		1994-7-9	2	札幌	1	3歳新馬	(混)(馬齢)	5	240	2	5	110	2	2	100	1				2-5	170	1																							12.5 - 11.2 - 11.3 - 11.5 - 11.5	12.5 - 23.7 - 35.0 - 46.5 - 58.0 (12.5-12.5)			
199401020106	芝	右	1200	曇	良	12:45	3歳新馬		1994-7-9	2	札幌	1	3歳新馬	牝(馬齢)	5	110	1	5	100	1	7	320	4				5-7	870	4																							12.5 - 11.1 - 11.3 - 11.4 - 11.5 - 11.8	12.5 - 23.6 - 34.9 - 46.3 - 57.8 - 69.6 (12.5-12.5)			
199401020107	ダ	右	1700	曇	良	13:15	4歳以上500万下		1994-7-9	2	札幌	1	4歳以上500万下	(混)(別定)	9	180	1	9	130	1	3	850	10	7.0	200	3.0	3-8	3650	9																							7.0 - 11.1 - 11.7 - 12.4 - 12.6 - 12.9 - 13.1 - 12.8 - 13.0	7.0 - 18.1 - 29.8 - 42.2 - 54.8 - 67.7 - 80.8 - 93.6 - 106.6 (7.0-7.0)	3-9	5460.0	18.0
199401020108	ダ	右	1000	曇	良	13:50	4歳以上500万下		1994-7-9	2	札幌	1	4歳以上500万下	牝(別定)	1	660	4	1	240	4	4	380	6	10.0	620	7.0	1-4	6000	20																							12.8 - 11.3 - 11.8 - 12.0 - 12.1	12.8 - 24.1 - 35.9 - 47.9 - 60.0 (12.8-12.8)	1-4	5660.0	22.0
199401020109	芝	右	1800	曇	良	14:25	礼文特別 		1994-7-9	2	札幌	1	4歳以上500万下	(混)(別定)	7	430	2	7	200	2	8	520	8	13.0	260	4.0	5-6	1800	7																							12.4 - 11.0 - 11.7 - 12.5 - 12.7 - 12.7 - 12.3 - 12.2 - 11.7	12.4 - 23.4 - 35.1 - 47.6 - 60.3 - 73.0 - 85.3 - 97.5 - 109.2 (12.4-12.4)	7-8	5550.0	23.0
199401020110	ダ	右	1000	曇	良	15:00	室蘭特別 		1994-7-9	2	札幌	1	4歳以上900万下	(混)(別定)	4	4200	11	4	950	11	11	290	6	6.0	170	2.0	4-8	10350	25																							12.8 - 11.1 - 11.6 - 12.0 - 12.6	12.8 - 23.9 - 35.5 - 47.5 - 60.1 (12.8-12.8)	4-11	21110.0	51.0
199401020111	芝	右	2000	曇	良	15:35	ポプラステークス 		1994-7-9	2	札幌	1	4歳以上900万下	(混)(ハンデ)	7	700	5	7	180	5	3	140	2	5.0	140	1.0	3-7	840	5																							12.7 - 11.4 - 11.9 - 12.5 - 12.7 - 12.7 - 12.1 - 12.1 - 12.0 - 11.9	12.7 - 24.1 - 36.0 - 48.5 - 61.2 - 73.9 - 86.0 - 98.1 - 110.1 - 122.0 (12.7-12.7)	3-7	910.0	4.0
199401020112	ダ	右	1700	曇	良	16:10	4歳以上500万下		1994-7-9	2	札幌	1	4歳以上500万下	(別定)	3	370	2	3	120	1	7	120	2	5.0	200	5.0	3-7	400	1																							7.1 - 10.8 - 12.1 - 12.5 - 12.9 - 13.4 - 13.6 - 12.9 - 12.9	7.1 - 17.9 - 30.0 - 42.5 - 55.4 - 68.8 - 82.4 - 95.3 - 108.2 (7.1-7.1)	3-7	450.0	1.0
199401020201	芝	右	1200	曇	良	10:00	3歳未勝利		1994-7-10	2	札幌	2	3歳未勝利	(混)(馬齢)	4	160	1	4	110	1	2	230	4				2-4	420	3																							12.8 - 11.0 - 11.4 - 11.8 - 12.6 - 12.6	12.8 - 23.8 - 35.2 - 47.0 - 59.6 - 72.2 (12.8-12.8)			
199401020202	ダ	右	1700	曇	良	10:25	4歳未勝利		1994-7-10	2	札幌	2	4歳未勝利	(馬齢)	5	810	4	5	180	4	3	110	1	4.0	130	2.0	3-5	1800	7																							6.9 - 11.2 - 12.1 - 12.5 - 13.0 - 13.2 - 13.1 - 13.1 - 12.8	6.9 - 18.1 - 30.2 - 42.7 - 55.7 - 68.9 - 82.0 - 95.1 - 107.9 (6.9-6.9)	3-5	1740.0	8.0
199401020203	ダ	右	1700	曇	良	10:50	4歳未勝利		1994-7-10	2	札幌	2	4歳未勝利	(混)(馬齢)	10	2600	7	10	320	6	1	120	1	3.0	230	3.0	1-7	1380	6																							7.0 - 10.9 - 12.3 - 12.7 - 13.2 - 13.1 - 12.9 - 13.2 - 13.8	7.0 - 17.9 - 30.2 - 42.9 - 56.1 - 69.2 - 82.1 - 95.3 - 109.1 (7.0-7.0)	1-10	1460.0	5.0
199401020204	ダ	右	1000	曇	良	11:15	4歳未勝利		1994-7-10	2	札幌	2	4歳未勝利	(馬齢)	3	230	1	3	140	1	6	310	5	7.0	540	8.0	3-5	1480	6																							13.0 - 11.2 - 11.9 - 12.3 - 13.0	13.0 - 24.2 - 36.1 - 48.4 - 61.4 (13.0-13.0)	3-6	1640.0	5.0
199401020205	ダ	右	1700	曇	良	11:45	4歳未勝利		1994-7-10	2	札幌	2	4歳未勝利	(馬齢)	11	870	4	11	350	7	8	820	9	2.0	120	1.0	7-8	920	4																							6.9 - 11.0 - 11.9 - 12.8 - 13.0 - 13.3 - 13.5 - 13.8 - 13.8	6.9 - 17.9 - 29.8 - 42.6 - 55.6 - 68.9 - 82.4 - 96.2 - 110.0 (6.9-6.9)	8-11	20270.0	38.0
199401020206	ダ	右	1000	曇	良	12:45	3歳新馬		1994-7-10	2	札幌	2	3歳新馬	(混)(馬齢)	4	140	1	4	100	1	6	150	2	2.0	230	5.0	4-6	600	2																							13.3 - 11.8 - 12.5 - 12.9 - 12.4	13.3 - 25.1 - 37.6 - 50.5 - 62.9 (13.3-13.3)			
199401020207	芝	右	1200	曇	良	13:15	3歳新馬		1994-7-10	2	札幌	2	3歳新馬	(馬齢)	5	1940	6	5	400	6	3	100	1				3-5	1230	5																							12.6 - 10.9 - 11.5 - 11.8 - 12.2 - 12.3	12.6 - 23.5 - 35.0 - 46.8 - 59.0 - 71.3 (12.6-12.6)			
199401020208	ダ	右	1000	曇	良	13:50	利尻特別 		1994-7-10	2	札幌	2	4歳以上500万下	(混)(別定)	4	140	1	4	100	1	1	270	4				1-4	450	3																							12.7 - 11.3 - 11.7 - 11.9 - 12.5	12.7 - 24.0 - 35.7 - 47.6 - 60.1 (12.7-12.7)			
199401020209	ダ	右	1700	小雨	良	14:25	4歳以上500万下		1994-7-10	2	札幌	2	4歳以上500万下	(別定)	5	170	1	5	110	1	3	230	4	11.0	210	3.0	3-5	570	3																							6.9 - 11.0 - 12.1 - 12.8 - 12.9 - 13.3 - 13.2 - 13.0 - 13.2	6.9 - 17.9 - 30.0 - 42.8 - 55.7 - 69.0 - 82.2 - 95.2 - 108.4 (6.9-6.9)	3-5	580.0	2.0
199401020211	芝	右	1800	曇	良	15:35	報知杯大雪ハンデ 		1994-7-10	2	札幌	2	4歳以上1500万下	(混)(ハンデ)	7	450	2	7	240	3	1	450	6				1-7	1960	12																							13.3 - 12.3 - 11.5 - 11.7 - 12.3 - 12.0 - 11.9 - 12.0 - 11.8	13.3 - 25.6 - 37.1 - 48.8 - 61.1 - 73.1 - 85.0 - 97.0 - 108.8 (13.3-13.3)			
199401020212	ダ	右	1000	雨	良	16:10	4歳以上500万下		1994-7-10	2	札幌	2	4歳以上500万下	(別定)	8	590	3	8	190	3	4	250	5	3.0	160	2.0	4-8	2280	13																							12.9 - 11.4 - 12.0 - 12.4 - 12.2	12.9 - 24.3 - 36.3 - 48.7 - 60.9 (12.9-12.9)			
199401020301	ダ	右	1700	曇	良	10:00	4歳未勝利		1994-7-16	2	札幌	3	4歳未勝利	牝(馬齢)	3	270	1	3	120	1	10	160	2	11.0	200	5.0	3-7	690	3																							7.0 - 11.4 - 12.3 - 12.4 - 12.8 - 12.3 - 12.9 - 13.5 - 13.9	7.0 - 18.4 - 30.7 - 43.1 - 55.9 - 68.2 - 81.1 - 94.6 - 108.5 (7.0-7.0)	3-10	790.0	2.0
199401020302	ダ	右	1000	曇	良	10:25	4歳未勝利		1994-7-16	2	札幌	3	4歳未勝利	(馬齢)	6	290	2	6	130	2	5	180	4	2.0	450	5.0	5-6	890	5																							12.8 - 11.3 - 12.0 - 12.3 - 12.9	12.8 - 24.1 - 36.1 - 48.4 - 61.3 (12.8-12.8)	5-6	850.0	4.0
199401020303	ダ	右	1000	曇	良	10:50	4歳未勝利		1994-7-16	2	札幌	3	4歳未勝利	(馬齢)	2	1020	4	2	170	3	6	120	1	8.0	190	4.0	2-6	730	3																							12.7 - 11.0 - 11.9 - 12.5 - 12.8	12.7 - 23.7 - 35.6 - 48.1 - 60.9 (12.7-12.7)	2-6	770.0	3.0
199401020304	芝	右	1000	曇	良	11:15	3歳新馬		1994-7-16	2	札幌	3	3歳新馬	(馬齢)	4	2110	5	4	420	4	5	170	2				4-5	1820	7																							12.6 - 11.6 - 12.0 - 12.1 - 12.6	12.6 - 24.2 - 36.2 - 48.3 - 60.9 (12.6-12.6)			
199401020305	芝	右	1000	曇	良	11:45	3歳オープン		1994-7-16	2	札幌	3	3歳オープン	(混)(馬齢)	4	210	1	4	140	1	1	400	4				1-4	1010	4																							12.1 - 10.5 - 11.3 - 11.7 - 12.5	12.1 - 22.6 - 33.9 - 45.6 - 58.1 (12.1-12.1)			
199401020306	ダ	右	1700	晴	良	12:45	4歳未勝利		1994-7-16	2	札幌	3	4歳未勝利	(馬齢)	10	140	1	10	100	1	6	200	4	7.0	160	2.0	6-8	570	2																							6.9 - 11.2 - 12.0 - 12.3 - 12.9 - 12.7 - 13.5 - 13.6 - 13.9	6.9 - 18.1 - 30.1 - 42.4 - 55.3 - 68.0 - 81.5 - 95.1 - 109.0 (6.9-6.9)	6-10	650.0	2.0
199401020307	ダ	右	1000	晴	良	13:15	4歳以上500万下		1994-7-16	2	札幌	3	4歳以上500万下	(別定)	10	520	3	10	160	3	9	110	1	11.0	120	2.0	7-7	600	3																							12.8 - 11.1 - 11.6 - 11.8 - 12.4	12.8 - 23.9 - 35.5 - 47.3 - 59.7 (12.8-12.8)	9-10	570.0	2.0
199401020308	ダ	右	1700	晴	良	13:50	4歳以上500万下		1994-7-16	2	札幌	3	4歳以上500万下	(父)(別定)	11	400	3	11	190	3	2	370	8	10.0	180	2.0	2-8	2110	9																							6.9 - 11.4 - 12.3 - 12.8 - 12.6 - 12.3 - 12.6 - 12.8 - 12.7	6.9 - 18.3 - 30.6 - 43.4 - 56.0 - 68.3 - 80.9 - 93.7 - 106.4 (6.9-6.9)	2-11	4000.0	18.0
199401020309	芝	右	2600	晴	良	14:25	富良野特別 		1994-7-16	2	札幌	3	4歳以上500万下	(混)(別定)	11	8420	14	11	2,100	14	7	500	8	1.0	230	3.0	5-7	10760	30																							12.9 - 11.8 - 12.3 - 13.0 - 12.7 - 12.9 - 12.8 - 12.2 - 12.1 - 12.3 - 12.7 - 12.8 - 12.6	12.9 - 24.7 - 37.0 - 50.0 - 62.7 - 75.6 - 88.4 - 100.6 - 112.7 - 125.0 - 137.7 - 150.5 - 163.1 (12.9-12.9)	7-11	50980.0	81.0
199401020401	ダ	右	1000	曇	良	10:00	3歳未勝利		1994-7-17	2	札幌	4	3歳未勝利	(混)(馬齢)	2	300	2	2	200	3	5	250	4				2-5	1080	6																							12.7 - 11.3 - 12.2 - 12.8 - 13.0	12.7 - 24.0 - 36.2 - 49.0 - 62.0 (12.7-12.7)			
199401020402	ダ	右	1000	晴	良	10:25	4歳未勝利		1994-7-17	2	札幌	4	4歳未勝利	(混)(馬齢)	1	700	5	1	130	2	8	110	1	7.0	160	3.0	1-8	520	1																							12.7 - 11.2 - 11.7 - 12.2 - 12.9	12.7 - 23.9 - 35.6 - 47.8 - 60.7 (12.7-12.7)	1-8	570.0	1.0
199401020403	ダ	右	1000	晴	良	10:50	4歳未勝利		1994-7-17	2	札幌	4	4歳未勝利	(馬齢)	1	140	1	1	100	1	4	240	5	7.0	170	3.0	1-4	770	4																							12.7 - 11.2 - 11.7 - 12.3 - 13.6	12.7 - 23.9 - 35.6 - 47.9 - 61.5 (12.7-12.7)	1-4	810.0	4.0
199401020404	ダ	右	1000	晴	良	11:15	3歳新馬		1994-7-17	2	札幌	4	3歳新馬	(馬齢)	4	540	3	4	260	3	7	270	4				4-7	1300	6																							13.0 - 11.4 - 12.0 - 12.3 - 12.8	13.0 - 24.4 - 36.4 - 48.7 - 61.5 (13.0-13.0)			
199401020405	芝	右	1200	晴	良	11:45	3歳新馬		1994-7-17	2	札幌	4	3歳新馬	(混)(馬齢)	3	1370	5	3	480	5	5	160	1				3-5	1420	7																							12.5 - 11.1 - 11.3 - 11.7 - 12.1 - 13.0	12.5 - 23.6 - 34.9 - 46.6 - 58.7 - 71.7 (12.5-12.5)			
199401020406	ダ	右	1700	晴	良	12:45	4歳未勝利		1994-7-17	2	札幌	4	4歳未勝利	(馬齢)	2	390	2	2	180	3	7	340	5	5.0	420	7.0	2-7	2580	11																							7.0 - 11.5 - 12.2 - 12.4 - 13.1 - 13.0 - 13.4 - 13.2 - 13.2	7.0 - 18.5 - 30.7 - 43.1 - 56.2 - 69.2 - 82.6 - 95.8 - 109.0 (7.0-7.0)	2-7	2580.0	10.0
199401020407	ダ	右	1700	晴	良	13:15	4歳未勝利		1994-7-17	2	札幌	4	4歳未勝利	(馬齢)	5	210	1	5	120	1	6	180	4	7.0	160	3.0	5-6	990	4																							7.1 - 11.1 - 12.3 - 13.0 - 13.1 - 12.7 - 13.2 - 13.6 - 13.8	7.1 - 18.2 - 30.5 - 43.5 - 56.6 - 69.3 - 82.5 - 96.1 - 109.9 (7.1-7.1)	5-6	990.0	3.0
199401020408	芝	右	1000	晴	良	13:50	4歳以上500万下		1994-7-17	2	札幌	4	4歳以上500万下	(混)(別定)	7	1560	4	7	250	5	2	110	1	10.0	280	7.0	2-5	540	2																							12.3 - 10.5 - 11.4 - 11.5 - 12.4	12.3 - 22.8 - 34.2 - 45.7 - 58.1 (12.3-12.3)	2-7	790.0	1.0
199401020409	ダ	右	1700	晴	良	14:25	釧路特別 		1994-7-17	2	札幌	4	4歳以上500万下	(混)(別定)	5	240	2	5	110	2	9	400	8	7.0	100	1.0	5-8	5610	14																							7.2 - 11.6 - 12.2 - 12.6 - 12.2 - 12.0 - 12.6 - 12.9 - 13.2	7.2 - 18.8 - 31.0 - 43.6 - 55.8 - 67.8 - 80.4 - 93.3 - 106.5 (7.2-7.2)	5-9	5840.0	14.0
199401020410	芝	右	1800	晴	良	15:00	日高特別 		1994-7-17	2	札幌	4	4歳以上900万下	(混)(別定)	2	1110	5	2	330	5	3	240	4	6.0	160	2.0	2-3	3320	12																							12.6 - 11.8 - 11.8 - 12.1 - 12.0 - 11.9 - 12.1 - 12.0 - 12.3	12.6 - 24.4 - 36.2 - 48.3 - 60.3 - 72.2 - 84.3 - 96.3 - 108.6 (12.6-12.6)	2-3	3260.0	14.0
199401020411	芝	右	1200	晴	良	15:35	札幌スプリントS	G3	1994-7-17	2	札幌	4	4歳以上オープン	(混)(別定)	7	330	1	7	140	1	12	180	4	4.0	570	7.0	6-8	470	1																							12.2 - 10.3 - 10.9 - 11.7 - 12.1 - 12.1	12.2 - 22.5 - 33.4 - 45.1 - 57.2 - 69.3 (12.2-12.2)	7-12	710.0	2.0
199401020501	ダ	右	1000	晴	良	10:00	4歳未勝利		1994-7-23	2	札幌	5	4歳未勝利	牝(馬齢)	6	340	2	6	180	5	5	170	4	3.0	150	3.0	5-6	1390	8																							12.8 - 11.0 - 11.9 - 12.2 - 12.6	12.8 - 23.8 - 35.7 - 47.9 - 60.5 (12.8-12.8)	5-6	1330.0	8.0
199401020502	ダ	右	1700	晴	良	10:25	4歳未勝利		1994-7-23	2	札幌	5	4歳未勝利	(混)(馬齢)	11	680	4	11	250	4	1	230	3	3.0	670	9.0	1-8	740	2																							6.8 - 11.3 - 12.3 - 12.9 - 13.2 - 13.3 - 13.4 - 12.8 - 13.1	6.8 - 18.1 - 30.4 - 43.3 - 56.5 - 69.8 - 83.2 - 96.0 - 109.1 (6.8-6.8)	1-11	1920.0	9.0
199401020503	ダ	右	1000	晴	良	10:50	4歳未勝利		1994-7-23	2	札幌	5	4歳未勝利	(馬齢)	9	370	2	9	120	2	3	100	1	4.0	160	3.0	3-8	200	1																							12.9 - 11.3 - 11.8 - 12.2 - 12.5	12.9 - 24.2 - 36.0 - 48.2 - 60.7 (12.9-12.9)	3-9	280.0	1.0
199401020504	ダ	右	1700	晴	良	11:15	4歳未勝利		1994-7-23	2	札幌	5	4歳未勝利	(馬齢)	3	250	2	3	120	1	6	120	3	4.0	120	2.0	3-6	870	4																							6.9 - 11.0 - 12.0 - 12.5 - 13.4 - 13.3 - 13.0 - 13.1 - 13.7	6.9 - 17.9 - 29.9 - 42.4 - 55.8 - 69.1 - 82.1 - 95.2 - 108.9 (6.9-6.9)	3-6	800.0	2.0
199401020505	ダ	右	1000	晴	良	11:45	3歳新馬		1994-7-23	2	札幌	5	3歳新馬	(混)(馬齢)	6	280	2	6	180	2	2	1,140	6				2-6	4480	12																							12.8 - 11.2 - 11.8 - 12.2 - 12.9	12.8 - 24.0 - 35.8 - 48.0 - 60.9 (12.8-12.8)			
199401020506	ダ	右	1000	晴	良	12:45	4歳以上500万下		1994-7-23	2	札幌	5	4歳以上500万下	(別定)	6	240	1	6	130	1	8	420	7	2.0	170	3.0	6-7	2390	12																							12.7 - 11.0 - 11.7 - 11.7 - 12.3	12.7 - 23.7 - 35.4 - 47.1 - 59.4 (12.7-12.7)	6-8	2530.0	10.0
199401020507	芝	右	1500	晴	良	13:15	4歳以上500万下		1994-7-23	2	札幌	5	4歳以上500万下	(混)(別定)	12	350	1	12	140	1	4	370	7	10.0	480	9.0	4-8	2030	8																							7.2 - 11.2 - 11.4 - 11.4 - 11.8 - 12.3 - 12.5 - 12.0	7.2 - 18.4 - 29.8 - 41.2 - 53.0 - 65.3 - 77.8 - 89.8 (7.2-7.2)	4-12	2240.0	9.0
199401020508	芝	右	1500	晴	良	13:50	4歳以上500万下		1994-7-23	2	札幌	5	4歳以上500万下	(混)(別定)	7	430	2	7	170	2	6	560	8	2.0	200	3.0	5-6	3530	18																							7.0 - 11.0 - 11.6 - 11.6 - 12.1 - 12.0 - 12.1 - 12.1	7.0 - 18.0 - 29.6 - 41.2 - 53.3 - 65.3 - 77.4 - 89.5 (7.0-7.0)	6-7	5650.0	26.0
199401020509	ダ	右	1000	晴	良	14:25	オホーツクハンデ 		1994-7-23	2	札幌	5	4歳以上900万下	(ハンデ)	7	910	4	7	240	4	2	910	11	3.0	160	1.0	2-6	12990	27																							12.4 - 10.6 - 11.6 - 12.2 - 12.4	12.4 - 23.0 - 34.6 - 46.8 - 59.2 (12.4-12.4)	2-7	20020.0	48.0
199401020510	芝	右	2000	晴	良	15:00	タマツバキ記念	G	1994-7-23	2	札幌	5	4歳以上オープン	[抽](別定)	2	700	4	2	230	3	7	140	1	15.0	350	7.0	2-4	650	1																							12.7 - 11.2 - 11.8 - 12.4 - 12.6 - 12.5 - 12.8 - 12.5 - 12.4 - 12.2	12.7 - 23.9 - 35.7 - 48.1 - 60.7 - 73.2 - 86.0 - 98.5 - 110.9 - 123.1 (12.7-12.7)	2-7	1120.0	4.0
199401020511	芝	右	1500	晴	良	15:35	アカシヤステークス 		1994-7-23	2	札幌	5	4歳以上900万下	(混)(別定)	2	830	3	2	260	4	12	250	2	5.0	330	7.0	2-8	2050	11																							7.1 - 11.3 - 11.3 - 11.4 - 11.5 - 11.9 - 12.7 - 12.0	7.1 - 18.4 - 29.7 - 41.1 - 52.6 - 64.5 - 77.2 - 89.2 (7.1-7.1)	2-12	2800.0	10.0
199401020601	芝	右	1200	晴	良	10:00	3歳未勝利		1994-7-24	2	札幌	6	3歳未勝利	(混)(馬齢)	3	340	2	3	140	1	1	220	3				1-3	740	2																							12.6 - 11.2 - 11.6 - 12.0 - 12.4 - 12.5	12.6 - 23.8 - 35.4 - 47.4 - 59.8 - 72.3 (12.6-12.6)			
199401020602	ダ	右	1700	晴	良	10:25	4歳未勝利		1994-7-24	2	札幌	6	4歳未勝利	(父)(馬齢)	9	300	2	9	110	3	3	100	1	5.0	110	2.0	3-8	330	1																							7.0 - 11.0 - 12.3 - 12.8 - 13.2 - 12.9 - 13.2 - 13.0 - 12.9	7.0 - 18.0 - 30.3 - 43.1 - 56.3 - 69.2 - 82.4 - 95.4 - 108.3 (7.0-7.0)	3-9	360.0	1.0
199401020603	ダ	右	1000	晴	良	10:50	4歳未勝利		1994-7-24	2	札幌	6	4歳未勝利	(馬齢)	8	1620	5	8	400	5	4	140	2	3.0	220	4.0	4-7	580	2																							12.8 - 11.4 - 12.0 - 12.1 - 12.8	12.8 - 24.2 - 36.2 - 48.3 - 61.1 (12.8-12.8)	4-8	3000.0	9.0
199401020604	ダ	右	1700	晴	良	11:15	4歳未勝利		1994-7-24	2	札幌	6	4歳未勝利	(馬齢)	6	910	4	6	160	4	9	100	1	3.0	110	2.0	6-8	540	3																							7.1 - 11.4 - 12.3 - 12.6 - 12.7 - 12.3 - 12.5 - 13.0 - 13.6	7.1 - 18.5 - 30.8 - 43.4 - 56.1 - 68.4 - 80.9 - 93.9 - 107.5 (7.1-7.1)	6-9	610.0	3.0
199401020605	芝	右	1000	晴	良	11:45	3歳新馬		1994-7-24	2	札幌	6	3歳新馬	(馬齢)	2	170	1	2	110	1	6	110	2				2-6	160	1																							12.7 - 10.8 - 11.3 - 11.9 - 11.9	12.7 - 23.5 - 34.8 - 46.7 - 58.6 (12.7-12.7)			
199401020606	ダ	右	1000	晴	良	12:45	4歳未勝利		1994-7-24	2	札幌	6	4歳未勝利	(馬齢)	3	300	1	3	150	3	4	140	1	2.0	550	7.0	3-4	480	1																							12.6 - 11.1 - 11.9 - 12.4 - 12.5	12.6 - 23.7 - 35.6 - 48.0 - 60.5 (12.6-12.6)	3-4	490.0	1.0
199401020607	ダ	右	1700	晴	良	13:15	4歳以上500万下		1994-7-24	2	札幌	6	4歳以上500万下	牝(別定)	8	220	1	8	130	1	7	570	7	12.0	760	9.0	6-6	2750	13																							7.0 - 11.4 - 12.8 - 13.1 - 12.9 - 12.1 - 12.3 - 12.2 - 13.3	7.0 - 18.4 - 31.2 - 44.3 - 57.2 - 69.3 - 81.6 - 93.8 - 107.1 (7.0-7.0)	7-8	2700.0	11.0
199401020701	ダ	右	1000	晴	良	10:00	3歳未勝利		1994-7-30	2	札幌	7	3歳未勝利	(混)(馬齢)	4	460	4	4	200	3	1	480	5				1-4	2620	10																							12.9 - 11.2 - 11.9 - 12.2 - 13.4	12.9 - 24.1 - 36.0 - 48.2 - 61.6 (12.9-12.9)			
199401020702	ダ	右	1700	晴	良	10:25	4歳未勝利		1994-7-30	2	札幌	7	4歳未勝利	(馬齢)	8	670	3	8	160	4	2	130	2	6.0	120	1.0	2-8	650	2																							7.0 - 11.2 - 12.4 - 12.8 - 13.1 - 13.1 - 13.0 - 13.1 - 13.2	7.0 - 18.2 - 30.6 - 43.4 - 56.5 - 69.6 - 82.6 - 95.7 - 108.9 (7.0-7.0)			
199401020703	ダ	右	1700	晴	良	10:50	4歳未勝利		1994-7-30	2	札幌	7	4歳未勝利	(馬齢)	2	290	2	2	100	1	5	100	2	4.0	180	4.0	2-5	170	1																							7.0 - 11.1 - 12.4 - 13.0 - 13.4 - 13.2 - 13.0 - 13.3 - 13.0	7.0 - 18.1 - 30.5 - 43.5 - 56.9 - 70.1 - 83.1 - 96.4 - 109.4 (7.0-7.0)			
199401020704	ダ	右	1000	晴	良	11:15	4歳未勝利		1994-7-30	2	札幌	7	4歳未勝利	(混)(馬齢)	8	520	4	8	190	4	1	150	2	5.0	200	6.0	1-8	280	1																							12.9 - 11.3 - 11.7 - 12.3 - 12.8	12.9 - 24.2 - 35.9 - 48.2 - 61.0 (12.9-12.9)	1-8	540.0	1.0
199401020705	芝	右	1000	晴	良	11:45	3歳新馬		1994-7-30	2	札幌	7	3歳新馬	(混)(馬齢)	4	110	1	4	100	1	2	120	2				2-4	140	1																							12.5 - 10.8 - 11.1 - 11.8 - 11.9	12.5 - 23.3 - 34.4 - 46.2 - 58.1 (12.5-12.5)			
199401020706	ダ	右	1700	晴	良	12:45	4歳以上500万下		1994-7-30	2	札幌	7	4歳以上500万下	(父)(別定)	6	110	1	6	100	1	3	320	5				3-6	550	3																							7.1 - 12.2 - 12.9 - 13.1 - 12.6 - 12.3 - 12.5 - 12.3 - 12.3	7.1 - 19.3 - 32.2 - 45.3 - 57.9 - 70.2 - 82.7 - 95.0 - 107.3 (7.1-7.1)			
199401020707	ダ	右	1000	晴	良	13:15	4歳未勝利		1994-7-30	2	札幌	7	4歳未勝利	(馬齢)	5	160	1	5	100	1	6	130	3	1.0	190	4.0	5-6	400	2																							12.8 - 11.3 - 11.9 - 12.2 - 12.5	12.8 - 24.1 - 36.0 - 48.2 - 60.7 (12.8-12.8)	5-6	390.0	1.0
199401020708	ダ	右	1000	晴	良	13:50	4歳以上500万下		1994-7-30	2	札幌	7	4歳以上500万下	(別定)	3	370	3	3	190	4	8	330	5	4.0	160	3.0	3-8	2460	10																							12.6 - 11.0 - 11.4 - 11.7 - 12.6	12.6 - 23.6 - 35.0 - 46.7 - 59.3 (12.6-12.6)			
199401020709	芝	右	2000	晴	良	14:25	知床特別 		1994-7-30	2	札幌	7	4歳以上500万下	(混)(別定)	12	960	5	12	230	4	6	240	5	9.0	150	2.0	5-8	710	2																							12.9 - 11.2 - 12.1 - 12.3 - 12.3 - 12.1 - 12.3 - 12.3 - 12.3 - 12.1	12.9 - 24.1 - 36.2 - 48.5 - 60.8 - 72.9 - 85.2 - 97.5 - 109.8 - 121.9 (12.9-12.9)	6-12	2890.0	12.0
199401020710	芝	右	1200	晴	良	15:00	おおぞらステークス 		1994-7-30	2	札幌	7	4歳以上900万下	(別定)	3	390	2	3	160	2	6	130	1	2.0	330	7.0	3-5	610	1																							12.4 - 10.4 - 11.1 - 11.5 - 12.1 - 11.9	12.4 - 22.8 - 33.9 - 45.4 - 57.5 - 69.4 (12.4-12.4)	3-6	680.0	1.0
199401020711	芝	右	1800	晴	良	15:35	道新杯 		1994-7-30	2	札幌	7	4歳以上オープン	(混)(別定)	2	410	2	2	160	2	8	290	5	1.0	220	3.0	2-8	1820	7																							12.9 - 11.6 - 11.9 - 11.8 - 11.7 - 12.1 - 12.2 - 12.1 - 11.6	12.9 - 24.5 - 36.4 - 48.2 - 59.9 - 72.0 - 84.2 - 96.3 - 107.9 (12.9-12.9)			
199401020712	ダ	右	1700	晴	良	16:10	4歳以上500万下		1994-7-30	2	札幌	7	4歳以上500万下	(混)(別定)	9	780	4	9	210	3	3	330	7	4.0	140	2.0	3-8	2420	12																							6.9 - 11.5 - 12.6 - 13.4 - 13.6 - 13.0 - 12.5 - 12.3 - 12.3	6.9 - 18.4 - 31.0 - 44.4 - 58.0 - 71.0 - 83.5 - 95.8 - 108.1 (6.9-6.9)	3-9	3510.0	17.0
199401020801	ダ	右	1700	晴	良	10:00	4歳未勝利		1994-7-31	2	札幌	8	4歳未勝利	(馬齢)	1	300	1	1	150	1	4	160	2	2.0	650	9.0	1-4	750	2																							6.9 - 11.5 - 12.3 - 12.2 - 12.4 - 12.6 - 13.2 - 13.2 - 13.2	6.9 - 18.4 - 30.7 - 42.9 - 55.3 - 67.9 - 81.1 - 94.3 - 107.5 (6.9-6.9)	1-4	740.0	1.0
199401020802	ダ	右	1700	晴	良	10:25	4歳未勝利		1994-7-31	2	札幌	8	4歳未勝利	(馬齢)	5	520	3	5	170	2	3	340	6	1.0	250	4.0	3-5	2510	10																							7.0 - 11.3 - 12.0 - 12.4 - 12.9 - 13.1 - 13.0 - 13.4 - 13.8	7.0 - 18.3 - 30.3 - 42.7 - 55.6 - 68.7 - 81.7 - 95.1 - 108.9 (7.0-7.0)			
199401020803	ダ	右	1000	晴	良	10:50	4歳未勝利		1994-7-31	2	札幌	8	4歳未勝利	(馬齢)	5	240	1	5	130	2	4	130	1	1.0	370	7.0	4-5	340	1																							12.8 - 10.9 - 11.8 - 12.2 - 13.0	12.8 - 23.7 - 35.5 - 47.7 - 60.7 (12.8-12.8)	4-5	420.0	1.0
199401020804	ダ	右	1000	晴	良	11:15	3歳新馬		1994-7-31	2	札幌	8	3歳新馬	(馬齢)	4	440	3	4	170	2	5	760	6				4-5	4190	12																							12.8 - 11.2 - 12.1 - 13.1 - 13.8	12.8 - 24.0 - 36.1 - 49.2 - 63.0 (12.8-12.8)			
199401020805	芝	右	1200	晴	良	11:45	3歳新馬		1994-7-31	2	札幌	8	3歳新馬	(混)(馬齢)	5	220	1	5	120	1	7	130	2				5-7	310	1																							12.6 - 10.8 - 11.4 - 11.8 - 12.3 - 12.6	12.6 - 23.4 - 34.8 - 46.6 - 58.9 - 71.5 (12.6-12.6)			
199401020806	ダ	右	1000	曇	良	12:45	4歳未勝利		1994-7-31	2	札幌	8	4歳未勝利	(馬齢)	10	500	3	10	190	3	8	310	6	6.0	270	5.0	7-8	1710	7																							12.6 - 10.9 - 11.9 - 12.8 - 13.7	12.6 - 23.5 - 35.4 - 48.2 - 61.9 (12.6-12.6)	8-10	2440.0	11.0
199401020807	ダ	右	1700	曇	良	13:15	4歳以上500万下		1994-7-31	2	札幌	8	4歳以上500万下	(別定)	8	1110	6	8	270	6	4	120	1	6.0	480	8.0	4-7	360	1																							6.9 - 11.4 - 12.1 - 12.4 - 12.6 - 12.3 - 12.6 - 13.0 - 13.1	6.9 - 18.3 - 30.4 - 42.8 - 55.4 - 67.7 - 80.3 - 93.3 - 106.4 (6.9-6.9)	4-8	930.0	3.0
199401020808	ダ	右	1000	曇	良	13:50	4歳以上500万下		1994-7-31	2	札幌	8	4歳以上500万下	(別定)	8	3550	10	8	1,050	11	4	960	10	7.0	330	5.0	4-6	11030	26																							12.5 - 10.8 - 11.4 - 12.1 - 13.1	12.5 - 23.3 - 34.7 - 46.8 - 59.9 (12.5-12.5)	4-8	47450.0	65.0
199401020809	芝	右	1200	曇	良	14:25	襟裳特別 		1994-7-31	2	札幌	8	4歳以上500万下	(混)(別定)	11	590	3	11	200	3	7	140	1	2.0	240	4.0	4-6	720	2																							12.3 - 10.5 - 11.2 - 11.8 - 12.3 - 12.3	12.3 - 22.8 - 34.0 - 45.8 - 58.1 - 70.4 (12.3-12.3)	7-11	1200.0	2.0
199401020810	芝	右	2600	曇	良	15:00	UHB賞 		1994-7-31	2	札幌	8	4歳以上900万下	(混)(ハンデ)	10	290	2	10	120	1	5	200	4	4.0	120	2.0	5-8	1180	7																							13.1 - 11.8 - 12.8 - 13.4 - 12.6 - 13.1 - 13.2 - 13.1 - 12.2 - 11.8 - 12.1 - 11.8 - 12.0	13.1 - 24.9 - 37.7 - 51.1 - 63.7 - 76.8 - 90.0 - 103.1 - 115.3 - 127.1 - 139.2 - 151.0 - 163.0 (13.1-13.1)	5-10	1200.0	5.0
199401020811	芝	右	1200	曇	良	15:35	札幌3歳ステークス	G3	1994-7-31	2	札幌	8	3歳オープン	(混)(馬齢)	13	180	1	13	110	1	2	490	7	11.0	160	3.0	2-8	2290	9																							12.1 - 10.6 - 11.3 - 11.9 - 12.3 - 12.0	12.1 - 22.7 - 34.0 - 45.9 - 58.2 - 70.2 (12.1-12.1)	2-13	2590.0	8.0
199401020812	ダ	右	1700	曇	良	16:10	層雲峡特別 		1994-7-31	2	札幌	8	4歳以上900万下	(混)(別定)	1	640	3	1	190	3	4	180	2	12.0	130	1.0	1-4	1970	8																							6.8 - 11.0 - 11.7 - 12.2 - 12.4 - 12.6 - 12.9 - 12.9 - 13.1	6.8 - 17.8 - 29.5 - 41.7 - 54.1 - 66.7 - 79.6 - 92.5 - 105.6 (6.8-6.8)	1-4	1880.0	6.0
199401030101	芝	右	1000	晴	良	10:00	3歳未勝利		1994-8-6	3	札幌	1	3歳未勝利	(混)(馬齢)	6	180	1	6	100	1	3	110	2				3-6	150	1																							12.5 - 11.3 - 11.3 - 11.7 - 12.0	12.5 - 23.8 - 35.1 - 46.8 - 58.8 (12.5-12.5)			
199401030102	ダ	右	1000	晴	良	10:25	4歳以上オープン		1994-8-6	3	札幌	1	4歳以上オープン	[抽](別定)	9	170	1	9	100	1	10	230	6	7.0	150	2.0	8-8	1160	5																							13.0 - 11.3 - 11.7 - 12.0 - 13.0	13.0 - 24.3 - 36.0 - 48.0 - 61.0 (13.0-13.0)	9-10	1180.0	5.0
199401030103	ダ	右	1700	晴	良	10:50	4歳未勝利		1994-8-6	3	札幌	1	4歳未勝利	(混)(馬齢)	10	650	3	10	160	3	6	120	1	4.0	240	6.0	5-7	1010	5																							6.8 - 11.4 - 12.2 - 12.7 - 12.6 - 12.6 - 13.3 - 13.3 - 13.8	6.8 - 18.2 - 30.4 - 43.1 - 55.7 - 68.3 - 81.6 - 94.9 - 108.7 (6.8-6.8)	6-10	1020.0	5.0
199401030104	ダ	右	1000	晴	良	11:15	4歳未勝利		1994-8-6	3	札幌	1	4歳未勝利	(馬齢)	9	490	3	9	210	4	8	140	1	11.0	300	6.0	6-7	420	2																							12.7 - 10.9 - 11.6 - 11.8 - 12.5	12.7 - 23.6 - 35.2 - 47.0 - 59.5 (12.7-12.7)	8-9	950.0	2.0
199401030105	ダ	右	1000	晴	良	11:45	4歳未勝利		1994-8-6	3	札幌	1	4歳未勝利	(馬齢)	3	130	1	3	100	1	5	120	2	11.0	220	4.0	3-5	200	1																							12.8 - 11.3 - 11.8 - 12.0 - 13.3	12.8 - 24.1 - 35.9 - 47.9 - 61.2 (12.8-12.8)	3-5	250.0	1.0
199401030106	芝	右	1000	晴	良	12:45	3歳新馬		1994-8-6	3	札幌	1	3歳新馬	(馬齢)	4	130	1	4	110	1	8	350	4				4-8	710	4																							12.4 - 11.3 - 11.6 - 11.7 - 11.5	12.4 - 23.7 - 35.3 - 47.0 - 58.5 (12.4-12.4)			
199401030107	ダ	右	1000	晴	良	13:15	4歳以上500万下		1994-8-6	3	札幌	1	4歳以上500万下	(別定)	4	110	1	4	100	1	3	130	3	6.0	130	2.0	3-4	210	1																							12.9 - 11.0 - 11.7 - 11.9 - 12.5	12.9 - 23.9 - 35.6 - 47.5 - 60.0 (12.9-12.9)			
199401030108	ダ	右	1700	晴	良	13:50	4歳以上500万下		1994-8-6	3	札幌	1	4歳以上500万下	(別定)	6	180	1	6	120	1	2	140	2	3.0	270	7.0	2-6	480	2																							7.0 - 11.5 - 12.7 - 12.5 - 12.2 - 12.3 - 12.9 - 13.3 - 13.7	7.0 - 18.5 - 31.2 - 43.7 - 55.9 - 68.2 - 81.1 - 94.4 - 108.1 (7.0-7.0)	2-6	500.0	1.0
199401030109	芝	右	1800	晴	良	14:25	留萌特別 		1994-8-6	3	札幌	1	4歳以上500万下	(混)(別定)	10	240	1	10	140	1	4	320	5	5.0	420	7.0	4-7	1370	4																							12.7 - 11.7 - 11.9 - 11.9 - 12.0 - 12.2 - 12.3 - 12.5 - 12.1	12.7 - 24.4 - 36.3 - 48.2 - 60.2 - 72.4 - 84.7 - 97.2 - 109.3 (12.7-12.7)	4-10	1380.0	5.0
199401030110	ダ	右	1000	晴	良	15:00	真駒内特別 		1994-8-6	3	札幌	1	4歳以上900万下	(混)(別定)	11	3560	8	11	630	10	12	140	1	2.0	180	2.0	8-8	4500	14																							12.4 - 10.8 - 11.5 - 12.2 - 12.4	12.4 - 23.2 - 34.7 - 46.9 - 59.3 (12.4-12.4)	11-12	4260.0	15.0
199401030111	芝	右	2000	晴	良	15:35	サロベツステークス 		1994-8-6	3	札幌	1	4歳以上1500万下	(混)(別定)	4	280	1	4	120	1	5	130	2	2.0	160	3.0	4-5	660	1																							13.1 - 11.2 - 12.5 - 13.2 - 12.8 - 11.9 - 12.0 - 11.9 - 11.8 - 11.5	13.1 - 24.3 - 36.8 - 50.0 - 62.8 - 74.7 - 86.7 - 98.6 - 110.4 - 121.9 (13.1-13.1)	4-5	690.0	1.0
199401030201	ダ	右	1700	晴	良	10:00	4歳未勝利		1994-8-7	3	札幌	2	4歳未勝利	牝(馬齢)	8	120	1	8	100	1	9	150	4	6.0	150	3.0	7-7	490	3																							7.0 - 11.6 - 12.9 - 12.9 - 12.9 - 12.3 - 12.7 - 13.0 - 13.4	7.0 - 18.6 - 31.5 - 44.4 - 57.3 - 69.6 - 82.3 - 95.3 - 108.7 (7.0-7.0)	8-9	490.0	3.0
199401030202	ダ	右	1000	晴	良	10:25	4歳未勝利		1994-8-7	3	札幌	2	4歳未勝利	(馬齢)	4	110	1	4	100	1	6	130	2	7.0	160	3.0	4-5	250	1																							12.8 - 11.2 - 12.0 - 12.2 - 12.4	12.8 - 24.0 - 36.0 - 48.2 - 60.6 (12.8-12.8)	4-6	280.0	1.0
199401030203	ダ	右	1700	晴	良	10:50	4歳未勝利		1994-8-7	3	札幌	2	4歳未勝利	(馬齢)	2	140	1	2	100	1	5	130	2	3.0	250	6.0	2-5	210	1																							7.0 - 11.3 - 12.5 - 12.3 - 12.7 - 12.6 - 13.3 - 13.4 - 13.4	7.0 - 18.3 - 30.8 - 43.1 - 55.8 - 68.4 - 81.7 - 95.1 - 108.5 (7.0-7.0)	2-5	250.0	1.0
199401030204	ダ	右	1700	晴	良	11:15	4歳未勝利		1994-8-7	3	札幌	2	4歳未勝利	(馬齢)	2	340	2	2	130	3	9	110	1	10.0	310	5.0	2-8	300	1																							6.9 - 11.2 - 12.5 - 12.5 - 13.1 - 12.6 - 13.1 - 13.0 - 13.0	6.9 - 18.1 - 30.6 - 43.1 - 56.2 - 68.8 - 81.9 - 94.9 - 107.9 (6.9-6.9)	2-9	360.0	1.0
199401030205	ダ	右	1000	晴	良	11:45	3歳新馬		1994-8-7	3	札幌	2	3歳新馬	(混)(馬齢)	4	260	1	4	140	1	9	200	3	11.0	730	10.0	4-7	660	1																							12.7 - 11.5 - 11.8 - 12.6 - 13.1	12.7 - 24.2 - 36.0 - 48.6 - 61.7 (12.7-12.7)	4-9	820.0	2.0
199401030206	芝	右	1200	晴	良	12:45	3歳新馬		1994-8-7	3	札幌	2	3歳新馬	(混)(馬齢)	7	150	1	7	100	1	9	100	2	1.0	150	3.0	7-8	190	1																							12.6 - 11.1 - 11.8 - 12.1 - 12.1 - 11.9	12.6 - 23.7 - 35.5 - 47.6 - 59.7 - 71.6 (12.6-12.6)	7-9	190.0	1.0
199401030207	ダ	右	1000	晴	良	13:15	4歳以上500万下		1994-8-7	3	札幌	2	4歳以上500万下	(混)(別定)	6	140	1	6	110	1	4	410	6	7.0	260	5.0	4-6	2450	8																							12.7 - 11.0 - 12.0 - 12.2 - 12.5	12.7 - 23.7 - 35.7 - 47.9 - 60.4 (12.7-12.7)	4-6	2300.0	9.0
199401030208	ダ	右	1700	晴	良	13:50	4歳以上500万下		1994-8-7	3	札幌	2	4歳以上500万下	(別定)	1	140	1	1	100	1	3	190	5	4.0	160	3.0	1-3	740	4																							7.0 - 11.4 - 12.3 - 12.9 - 12.8 - 12.5 - 12.7 - 12.7 - 12.7	7.0 - 18.4 - 30.7 - 43.6 - 56.4 - 68.9 - 81.6 - 94.3 - 107.0 (7.0-7.0)	1-3	720.0	4.0
199401030209	ダ	右	1700	晴	良	14:25	長万部特別 		1994-8-7	3	札幌	2	4歳以上900万下	牝(別定)	3	570	5	3	210	4	7	430	7	1.0	210	5.0	3-7	5570	21																							6.8 - 11.0 - 11.9 - 12.1 - 12.3 - 12.5 - 12.9 - 13.1 - 13.9	6.8 - 17.8 - 29.7 - 41.8 - 54.1 - 66.6 - 79.5 - 92.6 - 106.5 (6.8-6.8)	3-7	5350.0	22.0
199401030210	芝	右	1800	晴	良	15:00	八雲特別 		1994-8-7	3	札幌	2	4歳以上900万下	(混)(ハンデ)	5	3200	9	5	940	11	7	260	5	1.0	300	6.0	5-6	5700	18																							12.3 - 11.5 - 12.2 - 12.3 - 12.3 - 12.1 - 11.9 - 12.1 - 11.8	12.3 - 23.8 - 36.0 - 48.3 - 60.6 - 72.7 - 84.6 - 96.7 - 108.5 (12.3-12.3)	5-7	9670.0	32.0
199401030211	芝	右	1000	晴	良	15:35	マリーンステークス 		1994-8-7	3	札幌	2	4歳以上オープン	(混)(ハンデ)	11	1520	7	11	290	5	10	130	1	1.0	350	8.0	8-8	1340	6																							12.2 - 10.5 - 10.9 - 11.2 - 11.9	12.2 - 22.7 - 33.6 - 44.8 - 56.7 (12.2-12.2)	10-11	1340.0	4.0
199401030301	ダ	右	1000	曇	重	10:00	3歳未勝利		1994-8-13	3	札幌	3	3歳未勝利	(混)(馬齢)	6	280	2	6	130	2	7	110	1				6-7	250	1																							12.7 - 11.3 - 11.9 - 12.2 - 12.6	12.7 - 24.0 - 35.9 - 48.1 - 60.7 (12.7-12.7)			
199401030302	ダ	右	1700	曇	重	10:25	4歳未勝利		1994-8-13	3	札幌	3	4歳未勝利	(馬齢)	7	150	1	7	120	1	8	170	2	4.0	450	8.0	6-6	460	3																							6.8 - 10.8 - 12.2 - 12.8 - 12.8 - 12.6 - 12.6 - 12.9 - 13.3	6.8 - 17.6 - 29.8 - 42.6 - 55.4 - 68.0 - 80.6 - 93.5 - 106.8 (6.8-6.8)	7-8	490.0	1.0
199401030303	ダ	右	1000	曇	重	10:50	4歳未勝利		1994-8-13	3	札幌	3	4歳未勝利	(混)(馬齢)	6	170	1	6	100	1	8	110	2	3.0	560	9.0	6-7	170	1																							12.7 - 11.0 - 11.4 - 12.1 - 12.5	12.7 - 23.7 - 35.1 - 47.2 - 59.7 (12.7-12.7)	6-8	180.0	1.0
199401030304	ダ	右	1000	曇	重	11:15	4歳未勝利		1994-8-13	3	札幌	3	4歳未勝利	(混)(馬齢)	11	760	4	11	360	6	4	250	4	1.0	330	5.0	4-8	1520	8																							12.7 - 11.3 - 11.9 - 12.0 - 12.3	12.7 - 24.0 - 35.9 - 47.9 - 60.2 (12.7-12.7)	4-11	2660.0	10.0
199401030305	ダ	右	1700	曇	重	11:45	4歳未勝利		1994-8-13	3	札幌	3	4歳未勝利	(馬齢)	10	140	1	10	110	1	2	250	3	3.0	280	7.0	2-8	1160	5																							6.9 - 10.9 - 12.3 - 12.7 - 12.7 - 12.4 - 12.5 - 12.7 - 13.4	6.9 - 17.8 - 30.1 - 42.8 - 55.5 - 67.9 - 80.4 - 93.1 - 106.5 (6.9-6.9)	2-10	1270.0	5.0
199401030306	芝	右	1000	曇	良	12:45	3歳新馬		1994-8-13	3	札幌	3	3歳新馬	(混)(馬齢)	5	180	1	5	110	1	6	190	3	11.0	110	2.0	5-5	1110	4																							12.2 - 11.2 - 11.7 - 11.6 - 11.2	12.2 - 23.4 - 35.1 - 46.7 - 57.9 (12.2-12.2)	5-6	1100.0	2.0
199401030307	ダ	右	1000	曇	稍重	13:15	4歳以上500万下		1994-8-13	3	札幌	3	4歳以上500万下	(別定)	10	130	1	10	110	1	7	170	2	1.0	260	6.0	6-7	340	1																							12.4 - 10.8 - 11.5 - 12.0 - 12.6	12.4 - 23.2 - 34.7 - 46.7 - 59.3 (12.4-12.4)	7-10	490.0	1.0
199401030308	芝	右	1800	曇	良	13:50	4歳以上500万下		1994-8-13	3	札幌	3	4歳以上500万下	牝(別定)	10	340	2	10	140	2	1	130	1	13.0	190	4.0	1-6	540	1																							12.3 - 12.2 - 11.9 - 12.1 - 12.4 - 11.8 - 12.1 - 12.6 - 12.7	12.3 - 24.5 - 36.4 - 48.5 - 60.9 - 72.7 - 84.8 - 97.4 - 110.1 (12.3-12.3)	1-10	590.0	1.0
199401030309	芝	右	1200	曇	良	14:25	噴火湾特別 		1994-8-13	3	札幌	3	4歳以上500万下	(混)(別定)	5	1930	9	5	610	9	1	210	2	2.0	260	5.0	1-4	4040	19																							12.3 - 10.8 - 11.3 - 11.6 - 12.4 - 12.8	12.3 - 23.1 - 34.4 - 46.0 - 58.4 - 71.2 (12.3-12.3)	1-5	4770.0	25.0
199401030310	ダ	右	1700	曇	稍重	15:00	渡島特別 		1994-8-13	3	札幌	3	4歳以上900万下	(混)(別定)	12	140	1	12	110	1	6	180	2	10.0	1,050	12.0	5-8	330	1																							7.1 - 11.1 - 12.4 - 12.1 - 12.4 - 12.1 - 12.2 - 12.8 - 13.2	7.1 - 18.2 - 30.6 - 42.7 - 55.1 - 67.2 - 79.4 - 92.2 - 105.4 (7.1-7.1)	6-12	590.0	2.0
199401030311	芝	右	2000	曇	良	15:35	北洋特別 		1994-8-13	3	札幌	3	4歳以上900万下	(別定)	10	1240	5	10	310	5	2	160	2	3.0	210	4.0	2-8	630	2																							13.1 - 11.3 - 12.6 - 12.4 - 12.2 - 12.6 - 12.0 - 11.9 - 12.5 - 12.4	13.1 - 24.4 - 37.0 - 49.4 - 61.6 - 74.2 - 86.2 - 98.1 - 110.6 - 123.0 (13.1-13.1)	2-10	2300.0	11.0
199401030401	芝	右	1200	雨	良	10:00	3歳未勝利		1994-8-14	3	札幌	4	3歳未勝利	(馬齢)	4	220	1	4	140	1	3	210	3				3-4	540	2																							12.7 - 11.8 - 12.2 - 12.2 - 12.9 - 12.6	12.7 - 24.5 - 36.7 - 48.9 - 61.8 - 74.4 (12.7-12.7)			
199401030402	ダ	右	1000	雨	重	10:25	4歳未勝利		1994-8-14	3	札幌	4	4歳未勝利	(父)(馬齢)	5	250	1	5	110	1	1	190	4	2.0	120	2.0	1-5	1610	7																							12.8 - 11.1 - 11.8 - 12.2 - 12.5	12.8 - 23.9 - 35.7 - 47.9 - 60.4 (12.8-12.8)	1-5	1560.0	7.0
199401030403	ダ	右	1700	雨	不良	10:50	4歳未勝利		1994-8-14	3	札幌	4	4歳未勝利	(馬齢)	8	140	1	8	110	1	5	110	2	3.0	320	7.0	5-6	280	1																							7.1 - 11.1 - 12.4 - 12.8 - 12.6 - 12.4 - 12.7 - 13.4 - 12.9	7.1 - 18.2 - 30.6 - 43.4 - 56.0 - 68.4 - 81.1 - 94.5 - 107.4 (7.1-7.1)	5-8	310.0	1.0
199401030404	ダ	右	1000	雨	不良	11:15	4歳未勝利		1994-8-14	3	札幌	4	4歳未勝利	(馬齢)	8	270	1	8	120	2	2	120	1	7.0	130	4.0	2-7	470	2																							12.8 - 11.2 - 11.6 - 12.1 - 12.4	12.8 - 24.0 - 35.6 - 47.7 - 60.1 (12.8-12.8)	2-8	700.0	3.0
199401030405	ダ	右	1000	雨	不良	11:45	3歳新馬		1994-8-14	3	札幌	4	3歳新馬	(馬齢)	4	190	1	4	100	1	2	120	2	3.0	170	3.0	2-4	350	1																							12.7 - 11.1 - 11.8 - 12.4 - 12.6	12.7 - 23.8 - 35.6 - 48.0 - 60.6 (12.7-12.7)	2-4	350.0	1.0
199401030406	芝	右	1200	雨	重	12:45	3歳新馬		1994-8-14	3	札幌	4	3歳新馬	(馬齢)	3	2430	6	3	290	5	4	110	1	1.0	120	2.0	3-4	2310	9																							12.5 - 11.2 - 11.9 - 12.7 - 13.0 - 12.4	12.5 - 23.7 - 35.6 - 48.3 - 61.3 - 73.7 (12.5-12.5)	3-4	2530.0	9.0
199401030407	ダ	右	1000	雨	不良	13:15	4歳以上500万下		1994-8-14	3	札幌	4	4歳以上500万下	(別定)	1	430	2	1	170	2	4	200	3	8.0	340	6.0	1-4	1410	5																							12.6 - 11.0 - 11.8 - 12.2 - 12.4	12.6 - 23.6 - 35.4 - 47.6 - 60.0 (12.6-12.6)	1-4	1250.0	4.0
199401030408	芝	右	2000	小雨	重	13:50	4歳以上500万下		1994-8-14	3	札幌	4	4歳以上500万下	(混)(別定)	1	360	2	1	120	2	3	110	1	6.0	260	7.0	1-3	370	1																							13.2 - 11.0 - 12.6 - 12.6 - 12.6 - 13.0 - 12.7 - 12.5 - 13.1 - 12.6	13.2 - 24.2 - 36.8 - 49.4 - 62.0 - 75.0 - 87.7 - 100.2 - 113.3 - 125.9 (13.2-13.2)	1-3	400.0	1.0
199401030409	ダ	右	1700	曇	不良	14:25	江差特別 		1994-8-14	3	札幌	4	4歳以上500万下	(混)(別定)	1	390	2	1	140	2	4	250	5	8.0	230	4.0	1-4	1840	7																							6.8 - 11.0 - 12.5 - 12.7 - 12.7 - 12.5 - 12.2 - 12.5 - 12.6	6.8 - 17.8 - 30.3 - 43.0 - 55.7 - 68.2 - 80.4 - 92.9 - 105.5 (6.8-6.8)			
199401030410	芝	右	1200	曇	重	15:00	サロマ湖特別 		1994-8-14	3	札幌	4	4歳以上900万下	(混)(ハンデ)	1	1960	7	1	500	8	11	310	4	10.0	240	3.0	1-8	3600	14																							12.1 - 11.2 - 11.4 - 11.6 - 12.5 - 13.1	12.1 - 23.3 - 34.7 - 46.3 - 58.8 - 71.9 (12.1-12.1)	1-11	8460.0	30.0
199401030411	ダ	右	1700	曇	不良	15:35	巴賞 		1994-8-14	3	札幌	4	4歳以上オープン	(混)(ハンデ)	4	1000	5	4	290	5	6	180	3	5.0	440	7.0	4-5	1530	7																							6.8 - 11.1 - 12.4 - 12.4 - 12.6 - 12.3 - 12.2 - 12.7 - 12.0	6.8 - 17.9 - 30.3 - 42.7 - 55.3 - 67.6 - 79.8 - 92.5 - 104.5 (6.8-6.8)	4-6	1830.0	7.0
199401030501	芝	右	1000	晴	良	10:00	3歳未勝利		1994-8-20	3	札幌	5	3歳未勝利	(混)(馬齢)	4	130	1	4	100	1	5	160	2				4-5	260	2																							12.7 - 11.4 - 11.4 - 11.8 - 12.0	12.7 - 24.1 - 35.5 - 47.3 - 59.3 (12.7-12.7)			
199401030502	ダ	右	1700	晴	良	10:25	4歳未勝利		1994-8-20	3	札幌	5	4歳未勝利	(父)(馬齢)	7	110	1	7	100	1	8	130	3	5.0	130	2.0	7-8	280	1																							6.9 - 11.4 - 12.8 - 13.1 - 12.8 - 12.4 - 12.8 - 13.2 - 13.6	6.9 - 18.3 - 31.1 - 44.2 - 57.0 - 69.4 - 82.2 - 95.4 - 109.0 (6.9-6.9)			
199401030503	ダ	右	1700	晴	良	10:50	4歳以上オープン		1994-8-20	3	札幌	5	4歳以上オープン	[抽](別定)	8	190	1	8	110	1	3	160	2	1.0	160	3.0	3-6	430	1																							7.1 - 11.4 - 12.2 - 12.8 - 12.9 - 12.8 - 13.3 - 13.3 - 13.1	7.1 - 18.5 - 30.7 - 43.5 - 56.4 - 69.2 - 82.5 - 95.8 - 108.9 (7.1-7.1)	3-8	630.0	1.0
199401030504	ダ	右	1000	晴	良	11:15	4歳未勝利		1994-8-20	3	札幌	5	4歳未勝利	(馬齢)	10	280	1	10	120	1	5	190	4	11.0	140	2.0	5-8	1180	5																							12.9 - 11.6 - 11.9 - 12.5 - 12.8	12.9 - 24.5 - 36.4 - 48.9 - 61.7 (12.9-12.9)	5-10	1900.0	9.0
199401030505	ダ	右	1700	晴	良	11:45	4歳未勝利		1994-8-20	3	札幌	5	4歳未勝利	(馬齢)	4	170	1	4	110	1	8	180	3	2.0	190	4.0	4-8	480	2																							7.0 - 11.9 - 13.0 - 13.0 - 12.9 - 12.5 - 12.9 - 12.9 - 12.6	7.0 - 18.9 - 31.9 - 44.9 - 57.8 - 70.3 - 83.2 - 96.1 - 108.7 (7.0-7.0)	4-8	480.0	2.0
199401030506	芝	右	1200	晴	良	12:45	3歳新馬		1994-8-20	3	札幌	5	3歳新馬	(混)(馬齢)	6	230	1	6	120	1	8	190	4	2.0	810	8.0	6-8	880	3																							12.3 - 11.2 - 11.7 - 11.8 - 11.8 - 12.5	12.3 - 23.5 - 35.2 - 47.0 - 58.8 - 71.3 (12.3-12.3)	6-8	960.0	4.0
199401030507	ダ	右	1000	晴	良	13:15	4歳未勝利		1994-8-20	3	札幌	5	4歳未勝利	(馬齢)	4	240	1	4	120	1	8	140	2	5.0	180	4.0	4-6	540	1																							13.0 - 11.2 - 11.8 - 12.6 - 13.2	13.0 - 24.2 - 36.0 - 48.6 - 61.8 (13.0-13.0)	4-8	680.0	1.0
199401030508	ダ	右	1000	晴	良	13:50	4歳以上500万下		1994-8-20	3	札幌	5	4歳以上500万下	(別定)	3	220	1	3	110	2	7	100	1	8.0	200	4.0	3-7	210	1																							12.6 - 11.0 - 11.7 - 12.1 - 13.2	12.6 - 23.6 - 35.3 - 47.4 - 60.6 (12.6-12.6)	3-7	250.0	1.0
199401030509	芝	右	2000	晴	良	14:25	奥尻特別 		1994-8-20	3	札幌	5	4歳以上500万下	(混)(別定)	8	230	1	8	110	1	6	330	5	11.0	150	3.0	6-7	1170	4																							13.7 - 11.6 - 12.9 - 13.0 - 12.8 - 12.8 - 12.6 - 11.9 - 12.1 - 11.4	13.7 - 25.3 - 38.2 - 51.2 - 64.0 - 76.8 - 89.4 - 101.3 - 113.4 - 124.8 (13.7-13.7)	6-8	2140.0	6.0
199401030510	ダ	右	1000	晴	良	15:00	大通り特別 		1994-8-20	3	札幌	5	4歳以上900万下	(混)(ハンデ)	12	350	1	12	130	1	8	270	6	10.0	180	3.0	6-8	850	5																							12.5 - 10.9 - 11.4 - 12.1 - 12.6	12.5 - 23.4 - 34.8 - 46.9 - 59.5 (12.5-12.5)	8-12	1790.0	8.0
199401030511	芝	右	1800	晴	良	15:35	ルスツ特別 		1994-8-20	3	札幌	5	4歳以上900万下	(別定)	11	180	1	11	110	1	2	290	7	1.0	160	2.0	2-8	1400	6																							12.6 - 11.5 - 11.9 - 12.3 - 11.9 - 11.9 - 12.2 - 12.4 - 11.8	12.6 - 24.1 - 36.0 - 48.3 - 60.2 - 72.1 - 84.3 - 96.7 - 108.5 (12.6-12.6)	2-11	1670.0	6.0
199401030601	ダ	右	1700	晴	良	10:00	4歳未勝利		1994-8-21	3	札幌	6	4歳未勝利	(混)(馬齢)	8	1020	4	8	440	5	4	170	3	6.0	730	8.0	4-8	570	3																							6.8 - 11.1 - 12.7 - 12.7 - 12.7 - 12.9 - 12.6 - 13.3 - 13.5	6.8 - 17.9 - 30.6 - 43.3 - 56.0 - 68.9 - 81.5 - 94.8 - 108.3 (6.8-6.8)	4-8	2060.0	7.0
199401030602	ダ	右	1000	晴	良	10:25	4歳未勝利		1994-8-21	3	札幌	6	4歳未勝利	牝(馬齢)	7	1090	4	7	210	4	10	100	1	1.0	120	2.0	6-8	690	3																							12.9 - 11.2 - 11.8 - 12.6 - 12.9	12.9 - 24.1 - 35.9 - 48.5 - 61.4 (12.9-12.9)	7-10	850.0	3.0
199401030603	ダ	右	1700	晴	良	10:50	4歳未勝利		1994-8-21	3	札幌	6	4歳未勝利	(馬齢)	7	190	1	7	120	1	6	160	3	1.0	250	6.0	6-7	290	1																							6.9 - 11.5 - 12.7 - 13.1 - 13.1 - 13.0 - 12.5 - 12.9 - 12.6	6.9 - 18.4 - 31.1 - 44.2 - 57.3 - 70.3 - 82.8 - 95.7 - 108.3 (6.9-6.9)	6-7	500.0	2.0
199401030604	ダ	右	1000	晴	良	11:15	4歳未勝利		1994-8-21	3	札幌	6	4歳未勝利	(馬齢)	1	200	1	1	100	1	8	110	2	10.0	120	3.0	1-7	390	2																							12.9 - 11.1 - 11.7 - 12.3 - 12.9	12.9 - 24.0 - 35.7 - 48.0 - 60.9 (12.9-12.9)	1-8	450.0	1.0
199401030605	ダ	右	1700	晴	良	11:45	4歳以上500万下		1994-8-21	3	札幌	6	4歳以上500万下	(父)(別定)	3	220	1	3	110	1	1	130	2	9.0	170	4.0	1-3	340	1																							7.0 - 11.7 - 12.9 - 12.8 - 12.8 - 12.3 - 12.3 - 13.2 - 12.7	7.0 - 18.7 - 31.6 - 44.4 - 57.2 - 69.5 - 81.8 - 95.0 - 107.7 (7.0-7.0)	1-3	350.0	1.0
199401030606	芝	右	1000	晴	良	12:45	4歳以上500万下		1994-8-21	3	札幌	6	4歳以上500万下	(混)(別定)	1	1230	5	1	230	5	5	190	2	3.0	210	4.0	1-5	3080	10																							12.3 - 10.9 - 11.1 - 11.5 - 11.6	12.3 - 23.2 - 34.3 - 45.8 - 57.4 (12.3-12.3)	1-5	3200.0	11.0
199401030607	芝	右	1000	晴	良	13:15	4歳以上500万下		1994-8-21	3	札幌	6	4歳以上500万下	(混)(別定)	5	1950	7	5	270	6	1	150	2	10.0	120	1.0	1-5	3560	15																							12.3 - 11.0 - 11.1 - 11.6 - 12.1	12.3 - 23.3 - 34.4 - 46.0 - 58.1 (12.3-12.3)	1-5	3540.0	16.0
199401030608	ダ	右	1000	晴	良	13:50	4歳以上500万下		1994-8-21	3	札幌	6	4歳以上500万下	(別定)	4	4320	12	4	930	12	2	200	3	5.0	250	4.0	2-4	7520	26																							12.6 - 10.9 - 11.5 - 12.3 - 13.2	12.6 - 23.5 - 35.0 - 47.3 - 60.5 (12.6-12.6)	2-4	7360.0	34.0
199401030609	芝	右	1200	晴	良	14:25	クローバー賞 		1994-8-21	3	札幌	6	3歳オープン	(混)(別定)	5	120	1	5	100	1	3	230	4				3-5	390	3																							11.7 - 11.0 - 11.7 - 11.8 - 12.2 - 12.8	11.7 - 22.7 - 34.4 - 46.2 - 58.4 - 71.2 (11.7-11.7)			
199401030610	芝	右	2600	晴	良	15:00	松前特別 		1994-8-21	3	札幌	6	4歳以上900万下	(混)(別定)	8	220	1	8	120	1	5	280	6	11.0	160	2.0	4-6	1360	6																							12.8 - 11.0 - 11.7 - 12.6 - 12.0 - 13.3 - 13.2 - 12.8 - 12.9 - 12.9 - 12.6 - 12.3 - 11.4	12.8 - 23.8 - 35.5 - 48.1 - 60.1 - 73.4 - 86.6 - 99.4 - 112.3 - 125.2 - 137.8 - 150.1 - 161.5 (12.8-12.8)	5-8	1970.0	10.0
199401030611	芝	右	2000	晴	良	15:35	函館記念	G3	1994-8-21	3	札幌	6	4歳以上オープン	(混)(別定)	7	350	2	7	120	2	5	130	3	3.0	110	1.0	4-5	740	3																							12.9 - 10.6 - 12.1 - 12.0 - 11.7 - 12.4 - 12.6 - 12.8 - 12.6 - 11.9	12.9 - 23.5 - 35.6 - 47.6 - 59.3 - 71.7 - 84.3 - 97.1 - 109.7 - 121.6 (12.9-12.9)	5-7	920.0	3.0
199401030701	芝	右	1200	曇	稍重	10:00	3歳未勝利		1994-8-27	3	札幌	7	3歳未勝利	(混)(馬齢)	1	520	2	1	130	3	6	130	2	5.0	100	1.0	1-6	1490	6																							12.5 - 11.2 - 12.2 - 12.1 - 12.1 - 12.7	12.5 - 23.7 - 35.9 - 48.0 - 60.1 - 72.8 (12.5-12.5)			
199401030702	ダ	右	1700	曇	重	10:25	4歳未勝利		1994-8-27	3	札幌	7	4歳未勝利	牝(馬齢)	10	320	1	10	210	4	3	160	3	2.0	690	8.0	3-7	850	5																							6.6 - 11.2 - 12.3 - 12.7 - 12.6 - 12.5 - 12.7 - 13.0 - 13.4	6.6 - 17.8 - 30.1 - 42.8 - 55.4 - 67.9 - 80.6 - 93.6 - 107.0 (6.6-6.6)	3-10	910.0	6.0
199401030703	ダ	右	1000	曇	重	10:50	4歳未勝利		1994-8-27	3	札幌	7	4歳未勝利	(馬齢)	7	540	2	7	150	2	5	100	1	2.0	260	5.0	5-6	250	1																							12.9 - 11.0 - 11.6 - 11.9 - 12.0	12.9 - 23.9 - 35.5 - 47.4 - 59.4 (12.9-12.9)	5-7	360.0	1.0
199401030704	ダ	右	1000	晴	重	11:15	4歳未勝利		1994-8-27	3	札幌	7	4歳未勝利	(馬齢)	2	260	1	2	140	2	11	200	5	8.0	150	3.0	2-8	1160	6																							13.0 - 11.2 - 11.7 - 12.1 - 12.2	13.0 - 24.2 - 35.9 - 48.0 - 60.2 (13.0-13.0)	2-11	1180.0	5.0
199401030705	ダ	右	1000	晴	重	11:45	3歳新馬		1994-8-27	3	札幌	7	3歳新馬	(混)(馬齢)	1	180	1	1	100	2	8	110	3	5.0	100	1.0	1-8	300	1																							12.6 - 11.5 - 11.4 - 11.7 - 12.1	12.6 - 24.1 - 35.5 - 47.2 - 59.3 (12.6-12.6)			
199401030706	ダ	右	1700	曇	重	12:45	4歳未勝利		1994-8-27	3	札幌	7	4歳未勝利	(馬齢)	6	440	2	6	140	2	1	230	6	11.0	100	1.0	1-5	2680	9																							6.6 - 11.0 - 11.9 - 12.0 - 12.7 - 12.5 - 12.8 - 13.2 - 13.5	6.6 - 17.6 - 29.5 - 41.5 - 54.2 - 66.7 - 79.5 - 92.7 - 106.2 (6.6-6.6)	1-6	2790.0	8.0
199401030707	芝	右	1200	曇	稍重	13:15	3歳新馬		1994-8-27	3	札幌	7	3歳新馬	(馬齢)	2	120	1	2	110	1	6	870	11	7.0	870	10.0	2-5	1820	7																							12.4 - 11.0 - 12.0 - 12.3 - 12.3 - 12.5	12.4 - 23.4 - 35.4 - 47.7 - 60.0 - 72.5 (12.4-12.4)	2-6	3810.0	12.0
199401030708	ダ	右	1000	曇	重	13:50	4歳以上500万下		1994-8-27	3	札幌	7	4歳以上500万下	(別定)	10	590	4	10	170	3	3	180	4	2.0	150	2.0	3-7	860	5																							13.0 - 10.9 - 11.4 - 12.2 - 12.6	13.0 - 23.9 - 35.3 - 47.5 - 60.1 (13.0-13.0)	3-10	1100.0	5.0
199401030709	芝	右	2600	曇	稍重	14:25	恵山特別 		1994-8-27	3	札幌	7	4歳以上500万下	(混)(別定)	10	350	2	10	140	1	11	180	3	2.0	310	5.0	6-7	850	3																							13.4 - 12.6 - 12.7 - 13.3 - 12.6 - 13.6 - 13.2 - 12.5 - 12.5 - 12.4 - 12.4 - 12.6 - 12.7	13.4 - 26.0 - 38.7 - 52.0 - 64.6 - 78.2 - 91.4 - 103.9 - 116.4 - 128.8 - 141.2 - 153.8 - 166.5 (13.4-13.4)	10-11	1230.0	5.0
199401030710	ダ	右	1700	曇	重	15:00	ウトナイ湖特別 		1994-8-27	3	札幌	7	4歳以上900万下	(別定)	9	410	2	9	170	3	8	120	1	12.0	230	5.0	6-7	450	1																							6.8 - 11.2 - 11.9 - 11.8 - 11.9 - 11.9 - 12.0 - 12.6 - 12.7	6.8 - 18.0 - 29.9 - 41.7 - 53.6 - 65.5 - 77.5 - 90.1 - 102.8 (6.8-6.8)	8-9	710.0	1.0
199401030711	芝	右	1200	曇	稍重	15:35	洞爺湖特別 		1994-8-27	3	札幌	7	4歳以上900万下	(混)(別定)	12	710	4	12	180	2	2	130	1	3.0	280	5.0	2-7	930	2																							11.9 - 11.0 - 11.5 - 11.5 - 12.0 - 12.8	11.9 - 22.9 - 34.4 - 45.9 - 57.9 - 70.7 (11.9-11.9)	2-12	1160.0	3.0
199401030801	ダ	右	1000	晴	稍重	10:00	3歳未勝利		1994-8-28	3	札幌	8	3歳未勝利	(馬齢)	4	260	2	4	140	2	2	390	4				2-4	970	4																							12.8 - 11.2 - 11.7 - 12.2 - 13.1	12.8 - 24.0 - 35.7 - 47.9 - 61.0 (12.8-12.8)			
199401030802	ダ	右	1700	晴	稍重	10:25	4歳未勝利		1994-8-28	3	札幌	8	4歳未勝利	(馬齢)	11	260	1	11	120	1	1	170	2	7.0	170	4.0	1-8	710	4																							6.9 - 11.0 - 12.0 - 12.5 - 12.8 - 12.9 - 13.2 - 12.9 - 13.2	6.9 - 17.9 - 29.9 - 42.4 - 55.2 - 68.1 - 81.3 - 94.2 - 107.4 (6.9-6.9)	1-11	620.0	1.0
199401030803	ダ	右	1000	晴	稍重	10:50	4歳未勝利		1994-8-28	3	札幌	8	4歳未勝利	(混)(馬齢)	1	1210	4	1	160	3	5	100	1	7.0	170	4.0	1-5	480	2																							12.8 - 11.2 - 11.6 - 12.1 - 13.1	12.8 - 24.0 - 35.6 - 47.7 - 60.8 (12.8-12.8)	1-5	510.0	3.0
199401030804	ダ	右	1700	晴	稍重	11:15	4歳未勝利		1994-8-28	3	札幌	8	4歳未勝利	(馬齢)	2	730	2	2	160	2	9	290	4	8.0	340	5.0	2-7	1540	5																							6.9 - 11.4 - 12.3 - 12.4 - 12.6 - 12.5 - 13.0 - 12.9 - 13.8	6.9 - 18.3 - 30.6 - 43.0 - 55.6 - 68.1 - 81.1 - 94.0 - 107.8 (6.9-6.9)	2-9	3050.0	8.0
199401030805	芝	右	1000	晴	良	11:45	3歳新馬		1994-8-28	3	札幌	8	3歳新馬	(混)(馬齢)	2	180	1	2	110	1	1	120	2	4.0	140	4.0	1-2	330	1																							12.9 - 11.4 - 11.8 - 12.3 - 11.5	12.9 - 24.3 - 36.1 - 48.4 - 59.9 (12.9-12.9)			
199401030806	ダ	右	1700	晴	稍重	12:45	4歳以上500万下		1994-8-28	3	札幌	8	4歳以上500万下	牝(別定)	1	500	2	1	160	2	2	200	5	10.0	180	3.0	1-2	1650	7																							6.8 - 11.1 - 12.3 - 11.9 - 12.3 - 12.1 - 12.7 - 13.5 - 13.8	6.8 - 17.9 - 30.2 - 42.1 - 54.4 - 66.5 - 79.2 - 92.7 - 106.5 (6.8-6.8)	1-2	1720.0	7.0
199401030807	ダ	右	1700	晴	稍重	13:15	4歳以上500万下		1994-8-28	3	札幌	8	4歳以上500万下	(別定)	1	420	2	1	140	2	8	110	1	7.0	180	4.0	1-7	350	1																							6.9 - 11.5 - 13.1 - 12.9 - 12.2 - 12.3 - 12.6 - 12.9 - 13.2	6.9 - 18.4 - 31.5 - 44.4 - 56.6 - 68.9 - 81.5 - 94.4 - 107.6 (6.9-6.9)	1-8	500.0	1.0
199401030808	ダ	右	1000	晴	良	13:50	4歳以上500万下		1994-8-28	3	札幌	8	4歳以上500万下	(混)(別定)	10	420	2	10	110	2	11	130	3	9.0	100	1.0	7-8	260	1																							12.7 - 11.1 - 11.5 - 12.2 - 12.4	12.7 - 23.8 - 35.3 - 47.5 - 59.9 (12.7-12.7)	10-11	710.0	3.0
199401030809	芝	右	1200	晴	良	14:25	ノサップ岬特別 		1994-8-28	3	札幌	8	4歳以上500万下	(別定)	13	1460	7	13	380	7	8	140	1	2.0	160	2.0	5-8	510	1																							12.2 - 10.9 - 11.5 - 11.8 - 12.5 - 12.0	12.2 - 23.1 - 34.6 - 46.4 - 58.9 - 70.9 (12.2-12.2)	8-13	2690.0	11.0
199401030810	芝	右	2000	晴	良	15:00	檜山特別 		1994-8-28	3	札幌	8	4歳以上900万下	(混)(ハンデ)	14	390	2	14	180	3	9	520	5	6.0	1,000	10.0	6-8	380	1																							12.7 - 10.9 - 12.5 - 12.5 - 12.2 - 12.5 - 12.1 - 12.3 - 12.7 - 12.9	12.7 - 23.6 - 36.1 - 48.6 - 60.8 - 73.3 - 85.4 - 97.7 - 110.4 - 123.3 (12.7-12.7)	9-14	3800.0	10.0
199401030811	芝	右	1200	晴	良	15:35	青函ステークス 		1994-8-28	3	札幌	8	4歳以上オープン	(混)(別定)	8	180	1	8	110	1	4	730	9	3.0	210	4.0	4-8	3610	12																							11.6 - 10.8 - 11.2 - 11.7 - 12.3 - 13.1	11.6 - 22.4 - 33.6 - 45.3 - 57.6 - 70.7 (11.6-11.6)	4-8	5670.0	21.0
199401010410	ダ	右	1700	晴	良	15:35	エルムステークス 		1994-6-19	1	札幌	4	4歳以上1500万下	(混)(別定)	2	140	1	2	110	1	6	170	2				2-6	290	1																							7.1 - 11.5 - 12.8 - 12.2 - 12.3 - 12.6 - 12.5 - 12.8 - 12.3	7.1 - 18.6 - 31.4 - 43.6 - 55.9 - 68.5 - 81.0 - 93.8 - 106.1 (7.1-7.1)			
199401010710	芝	右	2000	曇	良	15:00	積丹特別 		1994-7-2	1	札幌	7	4歳以上500万下	(混)(別定)	6	290	1	6	110	1	2	130	2	8.0	240	4.0	2-4	330	1																							12.5 - 11.2 - 12.2 - 12.3 - 12.3 - 12.1 - 12.1 - 12.1 - 12.6 - 12.5	12.5 - 23.7 - 35.9 - 48.2 - 60.5 - 72.6 - 84.7 - 96.8 - 109.4 - 121.9 (12.5-12.5)	2-6	390.0	1.0
199401010711	芝	右	1800	曇	良	15:35	HBC杯 		1994-7-2	1	札幌	7	4歳以上900万下	(混)(別定)	12	170	1	12	120	1	4	180	2	10.0	420	8.0	4-8	640	3																							12.5 - 11.3 - 11.8 - 12.0 - 12.0 - 12.0 - 12.3 - 12.3 - 12.8	12.5 - 23.8 - 35.6 - 47.6 - 59.6 - 71.6 - 83.9 - 96.2 - 109.0 (12.5-12.5)	4-12	690.0	1.0
199401010811	芝	右	2000	晴	良	15:35	札幌記念	G3	1994-7-3	1	札幌	8	4歳以上オープン	(混)(ハンデ)	10	200	1	10	110	1	12	200	3	4.0	220	4.0	7-8	620	2																							12.8 - 11.6 - 12.5 - 12.2 - 12.2 - 12.1 - 11.7 - 11.8 - 11.8 - 12.2	12.8 - 24.4 - 36.9 - 49.1 - 61.3 - 73.4 - 85.1 - 96.9 - 108.7 - 120.9 (12.8-12.8)	10-12	750.0	2.0
199401030212	芝	右	1500	晴	良	16:10	4歳以上500万下		1994-8-7	3	札幌	2	4歳以上500万下	(混)(別定)	9	1210	6	9	370	7	12	170	1	11.0	220	3.0	7-8	410	1																							7.0 - 10.7 - 11.1 - 11.9 - 12.3 - 12.2 - 12.2 - 12.3	7.0 - 17.7 - 28.8 - 40.7 - 53.0 - 65.2 - 77.4 - 89.7 (7.0-7.0)	9-12	2900.0	12.0
199401030712	ダ	右	1700	曇	重	16:10	4歳以上500万下		1994-8-27	3	札幌	7	4歳以上500万下	(混)(別定)	8	390	2	8	130	1	5	140	2	2	180	4	5-6	570	1																							6.8 - 10.9 - 12.1 - 12.1 - 12.7 - 12.3 - 12.5 - 13.0 - 13.1	6.8 - 17.7 - 29.8 - 41.9 - 54.6 - 66.9 - 79.4 - 92.4 - 105.5 (6.8-6.8)	5-8	640	1
