	track	direction	distance	weather	going	start_at	title	grade	date	round	place	days	requirement	rule	単勝:的中	単勝:配当	単勝:人気	複勝_1:的中	複勝_1:配当	複勝_1:人気	複勝_2:的中	複勝_2:配当	複勝_2:人気	枠連:的中	枠連:配当	枠連:人気	ワイド_1:的中	ワイド_1:配当	ワイド_1:人気	ワイド_2:的中	ワイド_2:配当	ワイド_2:人気	ワイド_3:的中	ワイド_3:配当	ワイド_3:人気	馬単:的中	馬単:配当	馬単:人気	三連複:的中	三連複:配当	三連複:人気	三連単:的中	三連単:配当	三連単:人気	spacing_on_corner:1	spacing_on_corner:2	spacing_on_corner:3	spacing_on_corner:4	laptime	pacemaker	複勝_3:的中	複勝_3:配当	複勝_3:人気
198605010101	ダ	左	1700	晴	良	10:00	4歳以上オープン		1986-1-25	1	東京	1	4歳以上オープン	[抽](別定)	5	100	1	5	100	2	3	100	1	3-5	110	1																							7.7 - 10.9 - 11.8 - 12.5 - 12.3 - 13.0 - 13.4 - 13.4 - 13.3	7.7 - 18.6 - 30.4 - 42.9 - 55.2 - 68.2 - 81.6 - 95.0 - 108.3 (7.7-7.7)			
198605010102	ダ	左	1200	晴	良	10:25	4歳未勝利		1986-1-25	1	東京	1	4歳未勝利	(馬齢)	10	250	1	10	110	1	4	130	3	4-7	570	2																							12.9 - 11.5 - 11.9 - 12.7 - 12.8 - 12.5	12.9 - 24.4 - 36.3 - 49.0 - 61.8 - 74.3 (12.9-12.9)	2.0	120.0	2.0
198605010103	ダ	左	1600	晴	良	10:50	4歳未勝利		1986-1-25	1	東京	1	4歳未勝利	牝(馬齢)	5	140	1	5	100	1	6	120	2	5-6	340	1																							13.0 - 11.7 - 12.4 - 12.5 - 13.0 - 13.2 - 13.3 - 13.2	13.0 - 24.7 - 37.1 - 49.6 - 62.6 - 75.8 - 89.1 - 102.3 (13.0-13.0)	2.0	130.0	4.0
198605010104	ダ	左	1600	晴	良	11:15	4歳新馬		1986-1-25	1	東京	1	4歳新馬	(父)(馬齢)	5	370	2	5	130	2	9	110	1	3-5	360	1																							12.7 - 11.4 - 12.3 - 12.3 - 12.9 - 13.3 - 13.2 - 13.0	12.7 - 24.1 - 36.4 - 48.7 - 61.6 - 74.9 - 88.1 - 101.1 (12.7-12.7)	3.0	260.0	4.0
198605010105	障		3100	晴	良  ダート	11:45	障害4歳以上400万下		1986-1-25	1	東京	1	障害4歳以上400万下	(混)(馬齢)	3	330	1	3	140	1	7	290	6	3-7	1580	8																									1.0	1,280	8.0
198605010106	障		3100	晴	良  ダート	12:45	障害4歳以上400万下		1986-1-25	1	東京	1	障害4歳以上400万下	(混)(馬齢)	8	140	1	8	100	1	9	130	2	8-8	360	2																									3.0	270	5.0
198605010107	ダ	左	1600	晴	良	13:20	4歳新馬		1986-1-25	1	東京	1	4歳新馬	(馬齢)	13	580	3	13	200	3	8	260	6	5-8	980	4																							12.5 - 11.5 - 12.3 - 12.4 - 12.9 - 13.6 - 13.0 - 13.6	12.5 - 24.0 - 36.3 - 48.7 - 61.6 - 75.2 - 88.2 - 101.8 (12.5-12.5)	4.0	260	4.0
198605010201	ダ	左	1600	晴	良	10:00	4歳400万下		1986-1-26	1	東京	2	4歳400万下	(父)(馬齢)	1	180	1	1	120	1	6	240	3	1-6	630	2																							12.9 - 11.8 - 12.2 - 12.4 - 12.8 - 13.3 - 12.7 - 13.3	12.9 - 24.7 - 36.9 - 49.3 - 62.1 - 75.4 - 88.1 - 101.4 (12.9-12.9)			
198605010202	ダ	左	1400	晴	良	10:25	4歳未勝利		1986-1-26	1	東京	2	4歳未勝利	(抽)(市)(馬齢)	3	430	3	3	170	3	9	370	7	3-8	1390	9																							12.6 - 11.3 - 11.7 - 12.7 - 13.1 - 13.2 - 13.1	12.6 - 23.9 - 35.6 - 48.3 - 61.4 - 74.6 - 87.7 (12.6-12.6)	10.0	240	5.0
198605010203	ダ	左	1700	晴	良	10:50	4歳未勝利		1986-1-26	1	東京	2	4歳未勝利	(馬齢)	11	1770	6	11	270	6	9	120	1	7-8	1060	4																							7.3 - 11.1 - 11.5 - 12.0 - 12.4 - 12.9 - 13.3 - 13.9 - 13.8	7.3 - 18.4 - 29.9 - 41.9 - 54.3 - 67.2 - 80.5 - 94.4 - 108.2 (7.3-7.3)	4.0	200	5.0
198605010204	ダ	左	1200	晴	良	11:15	4歳新馬		1986-1-26	1	東京	2	4歳新馬	(馬齢)	6	700	2	6	130	2	1	100	1	1-6	360	1																							12.4 - 11.2 - 12.0 - 12.3 - 12.5 - 13.1	12.4 - 23.6 - 35.6 - 47.9 - 60.4 - 73.5 (12.4-12.4)	11.0	170	4.0
198605010205	障		3100	晴	良  ダート	11:45	障害4歳以上未勝利		1986-1-26	1	東京	2	障害4歳以上未勝利	(馬齢)	11	1140	6	11	270	6	4	210	5	4-8	5300	18																									8.0	130	1.0
198605010206	ダ	左	1200	晴	良	12:45	4歳新馬		1986-1-26	1	東京	2	4歳新馬	(馬齢)	10	530	2	10	160	2	6	310	8	6-8	1950	10																							12.7 - 11.6 - 11.9 - 12.8 - 13.2 - 13.6	12.7 - 24.3 - 36.2 - 49.0 - 62.2 - 75.8 (12.7-12.7)	4.0	150	1.0
198605010207	芝	左	2000	晴	良	13:20	4歳新馬		1986-1-26	1	東京	2	4歳新馬	(混)(馬齢)	9	330	2	9	140	1	12	270	5	6-7	830	4																							13.0 - 11.6 - 12.4 - 12.4 - 12.7 - 12.6 - 12.3 - 13.0 - 12.1 - 12.2	13.0 - 24.6 - 37.0 - 49.4 - 62.1 - 74.7 - 87.0 - 100.0 - 112.1 - 124.3 (13.0-13.0)	14.0	150	2.0
198605010208	ダ	左	1600	晴	良	13:55	4歳以上400万下		1986-1-26	1	東京	2	4歳以上400万下	(馬齢)	1	220	1	1	130	1	10	210	3	1-6	350	1																							12.9 - 11.3 - 12.1 - 12.4 - 12.4 - 12.5 - 13.4 - 13.1	12.9 - 24.2 - 36.3 - 48.7 - 61.1 - 73.6 - 87.0 - 100.1 (12.9-12.9)	4.0	230	4.0
198605010209	ダ	左	1400	晴	良	14:30	アレキサンドライトS 		1986-1-26	1	東京	2	4歳以上オープン	(混)(別定)	5	410	3	5	220	3	7	460	5	5-7	2590	11																							12.5 - 11.3 - 11.5 - 12.0 - 12.1 - 13.0 - 13.0	12.5 - 23.8 - 35.3 - 47.3 - 59.4 - 72.4 - 85.4 (12.5-12.5)			
198605010210	ダ	左	2100	晴	良	15:05	青梅特別 		1986-1-26	1	東京	2	4歳以上900万下	(ハンデ)	11	240	1	11	120	1	2	220	5	2-8	1020	4																							7.1 - 11.4 - 12.0 - 12.9 - 12.8 - 12.8 - 12.6 - 12.7 - 12.8 - 12.5 - 12.6	7.1 - 18.5 - 30.5 - 43.4 - 56.2 - 69.0 - 81.6 - 94.3 - 107.1 - 119.6 - 132.2 (7.1-7.1)	7.0	210	4.0
198605010211	芝	左	1600	晴	良	15:45	デイリー杯クイーンC	G3	1986-1-26	1	東京	2	4歳オープン	牝(別定)	8	1930	5	8	400	5	3	480	6	3-8	6380	13																							12.6 - 11.2 - 11.8 - 11.7 - 11.7 - 12.3 - 12.1 - 12.1	12.6 - 23.8 - 35.6 - 47.3 - 59.0 - 71.3 - 83.4 - 95.5 (12.6-12.6)	1.0	490	7.0
198605010212	ダ	左	1600	晴	良	16:20	4歳以上900万下		1986-1-26	1	東京	2	4歳以上900万下	牝(馬齢)	8	200	1	8	130	1	12	190	3	4-6	510	1																							12.4 - 10.6 - 11.4 - 12.2 - 12.7 - 13.0 - 13.3 - 13.5	12.4 - 23.0 - 34.4 - 46.6 - 59.3 - 72.3 - 85.6 - 99.1 (12.4-12.4)	7.0	400	7.0
198605010301	ダ	左	1700	小雨	良	10:00	4歳400万下		1986-2-1	1	東京	3	4歳400万下	(馬齢)	5	230	1	5	150	1	7	280	5	5-7	560	2																							7.1 - 11.2 - 11.8 - 12.5 - 12.6 - 13.0 - 13.2 - 12.9 - 13.5	7.1 - 18.3 - 30.1 - 42.6 - 55.2 - 68.2 - 81.4 - 94.3 - 107.8 (7.1-7.1)			
198605010302	ダ	左	1400	曇	良	10:25	4歳以上300万下		1986-2-1	1	東京	3	4歳以上300万下	[抽](馬齢)	3	160	1	3	120	1	2	210	4	2-3	600	3																							12.9 - 11.5 - 12.0 - 12.6 - 13.3 - 13.1 - 12.8	12.9 - 24.4 - 36.4 - 49.0 - 62.3 - 75.4 - 88.2 (12.9-12.9)	11.0	310	7.0
198605010303	ダ	左	1700	曇	良	10:50	4歳未勝利		1986-2-1	1	東京	3	4歳未勝利	(父)(馬齢)	6	130	1	6	100	1	3	150	3	3-6	350	2																							7.2 - 11.4 - 12.5 - 12.8 - 12.7 - 12.8 - 13.2 - 12.9 - 12.7	7.2 - 18.6 - 31.1 - 43.9 - 56.6 - 69.4 - 82.6 - 95.5 - 108.2 (7.2-7.2)	8.0	180	4.0
198605010304	ダ	左	1600	曇	良	11:15	4歳未勝利		1986-2-1	1	東京	3	4歳未勝利	牝(馬齢)	6	150	1	6	110	1	3	290	6	3-6	1260	5																							12.9 - 12.1 - 12.4 - 12.4 - 12.7 - 12.7 - 12.6 - 12.9	12.9 - 25.0 - 37.4 - 49.8 - 62.5 - 75.2 - 87.8 - 100.7 (12.9-12.9)	8.0	190	4.0
198605010305	障		3100	曇	良  ダート	11:45	障害4歳以上未勝利		1986-2-1	1	東京	3	障害4歳以上未勝利	(馬齢)	1	200	1	1	100	1	2	120	2	1-2	370	1																									3.0	140	3.0
198605010306	ダ	左	1200	曇	良	12:45	4歳未勝利		1986-2-1	1	東京	3	4歳未勝利	(馬齢)	5	720	3	5	160	3	4	100	1	4-5	490	2																							12.9 - 11.4 - 12.2 - 12.8 - 12.6 - 13.2	12.9 - 24.3 - 36.5 - 49.3 - 61.9 - 75.1 (12.9-12.9)	8.0	110	2.0
198605010307	芝	左	1600	曇	良	13:20	4歳新馬		1986-2-1	1	東京	3	4歳新馬	(馬齢)	6	380	2	6	180	2	7	300	5	3-4	1740	9																							12.6 - 11.2 - 11.7 - 12.1 - 12.1 - 12.9 - 12.7 - 12.4	12.6 - 23.8 - 35.5 - 47.6 - 59.7 - 72.6 - 85.3 - 97.7 (12.6-12.6)	2.0	320	6.0
198605010308	ダ	左	1600	曇	良	13:55	カトレア賞 		1986-2-1	1	東京	3	4歳400万下	(別定)	1	740	4	1	400	4	2	260	2	1-2	2430	10																							12.5 - 11.6 - 11.8 - 11.8 - 12.1 - 12.7 - 13.5 - 13.6	12.5 - 24.1 - 35.9 - 47.7 - 59.8 - 72.5 - 86.0 - 99.6 (12.5-12.5)			
198605010309	ダ	左	1600	晴	良	14:30	4歳以上400万下		1986-2-1	1	東京	3	4歳以上400万下	(馬齢)	3	350	2	3	150	2	2	360	6	2-3	3620	14																							12.8 - 11.4 - 12.2 - 12.6 - 12.8 - 13.1 - 12.9 - 12.8	12.8 - 24.2 - 36.4 - 49.0 - 61.8 - 74.9 - 87.8 - 100.6 (12.8-12.8)	4.0	190	3.0
198605010310	ダ	左	1200	晴	良	15:05	節分賞 		1986-2-1	1	東京	3	4歳以上900万下	(混)(別定)	3	1020	5	3	240	4	12	380	9	2-6	2590	13																							12.3 - 10.8 - 11.5 - 12.0 - 12.6 - 12.8	12.3 - 23.1 - 34.6 - 46.6 - 59.2 - 72.0 (12.3-12.3)	7.0	140	1.0
198605010401	ダ	左	1600	晴	良	10:00	4歳未勝利		1986-2-2	1	東京	4	4歳未勝利	(混)(馬齢)	5	490	3	5	170	3	11	150	2	5-8	630	2																							12.7 - 12.1 - 12.4 - 12.2 - 12.8 - 13.2 - 12.8 - 13.1	12.7 - 24.8 - 37.2 - 49.4 - 62.2 - 75.4 - 88.2 - 101.3 (12.7-12.7)	8.0	650	9.0
198605010402	ダ	左	1400	晴	良	10:25	4歳未勝利		1986-2-2	1	東京	4	4歳未勝利	(馬齢)	3	210	1	3	130	1	1	180	4	1-3	490	1																							12.5 - 11.5 - 11.7 - 12.7 - 12.8 - 13.1 - 13.7	12.5 - 24.0 - 35.7 - 48.4 - 61.2 - 74.3 - 88.0 (12.5-12.5)	7.0	1,100	9.0
198605010403	ダ	左	1400	晴	良	10:50	4歳新馬		1986-2-2	1	東京	4	4歳新馬	牝(馬齢)	7	170	1	7	130	1	4	1,080	12	4-6	8130	20																							12.5 - 11.7 - 12.0 - 12.6 - 13.0 - 13.2 - 13.3	12.5 - 24.2 - 36.2 - 48.8 - 61.8 - 75.0 - 88.3 (12.5-12.5)	1.0	240	5.0
198605010404	ダ	左	1400	晴	良	11:15	4歳新馬		1986-2-2	1	東京	4	4歳新馬	牝(馬齢)	6	1460	8	6	360	7	11	180	2	6-8	500	1																							12.7 - 11.2 - 11.8 - 12.7 - 13.2 - 13.4 - 13.9	12.7 - 23.9 - 35.7 - 48.4 - 61.6 - 75.0 - 88.9 (12.7-12.7)	5.0	750	10.0
198605010405	障		3100	晴	良  ダート	11:45	障害4歳以上未勝利		1986-2-2	1	東京	4	障害4歳以上未勝利	(馬齢)	5	420	3	5	170	3	2	130	1	2-5	430	1																									4.0	220	5.0
198605010406	ダ	左	1600	晴	良	12:45	4歳新馬		1986-2-2	1	東京	4	4歳新馬	(馬齢)	3	200	1	3	110	1	6	140	2	3-5	380	1																							12.6 - 11.8 - 11.9 - 12.4 - 12.9 - 13.1 - 13.0 - 12.9	12.6 - 24.4 - 36.3 - 48.7 - 61.6 - 74.7 - 87.7 - 100.6 (12.6-12.6)	2.0	200	4.0
198605010407	ダ	左	1200	晴	良	13:20	4歳400万下		1986-2-2	1	東京	4	4歳400万下	牝(馬齢)	3	360	2	3	140	2	4	120	1	3-4	330	1																							12.4 - 11.0 - 11.8 - 12.4 - 12.9 - 13.0	12.4 - 23.4 - 35.2 - 47.6 - 60.5 - 73.5 (12.4-12.4)	5.0	350	6.0
198605010501	ダ	左	1400	小雪	稍重	10:00	4歳未勝利		1986-2-8	1	東京	5	4歳未勝利	[抽](馬齢)	3	140	1	3	100	1	5	150	2	3-5	240	1																							13.4 - 12.3 - 12.7 - 13.4 - 13.8 - 13.1 - 12.9	13.4 - 25.7 - 38.4 - 51.8 - 65.6 - 78.7 - 91.6 (13.4-13.4)			
198605010502	ダ	左	1600	曇	稍重	10:25	4歳未勝利		1986-2-8	1	東京	5	4歳未勝利	(抽)(市)(馬齢)	7	620	4	7	200	3	5	200	4	5-6	450	2																							12.8 - 11.4 - 12.0 - 12.7 - 13.5 - 13.8 - 12.5 - 12.5	12.8 - 24.2 - 36.2 - 48.9 - 62.4 - 76.2 - 88.7 - 101.2 (12.8-12.8)	2.0	210	5.0
198605010503	ダ	左	1700	曇	稍重	10:50	4歳未勝利		1986-2-8	1	東京	5	4歳未勝利	(馬齢)	3	320	1	3	130	2	1	160	4	1-3	970	5																							7.4 - 11.0 - 11.9 - 12.3 - 12.5 - 12.7 - 13.0 - 12.6 - 12.9	7.4 - 18.4 - 30.3 - 42.6 - 55.1 - 67.8 - 80.8 - 93.4 - 106.3 (7.4-7.4)	10.0	130	1.0
198605010504	ダ	左	1200	曇	稍重	11:15	4歳未勝利		1986-2-8	1	東京	5	4歳未勝利	牝(馬齢)	5	770	3	5	200	3	6	140	2	4-5	900	3																							12.8 - 11.2 - 12.0 - 12.3 - 12.9 - 13.0	12.8 - 24.0 - 36.0 - 48.3 - 61.2 - 74.2 (12.8-12.8)	12.0	370	7.0
198605010505	ダ	左	1400	曇	稍重	11:45	4歳新馬		1986-2-8	1	東京	5	4歳新馬	(馬齢)	11	310	2	11	150	2	9	1,160	10	7-8	5730	14																							12.6 - 11.2 - 11.9 - 12.8 - 13.1 - 12.8 - 13.2	12.6 - 23.8 - 35.7 - 48.5 - 61.6 - 74.4 - 87.6 (12.6-12.6)	12.0	230	4.0
198605010506	ダ	左	1600	曇	良	12:45	4歳400万下		1986-2-8	1	東京	5	4歳400万下	(混)(馬齢)	2	460	3	2	130	3	8	120	2	2-8	720	2																							12.3 - 11.4 - 12.5 - 12.4 - 12.3 - 13.0 - 13.1 - 12.9	12.3 - 23.7 - 36.2 - 48.6 - 60.9 - 73.9 - 87.0 - 99.9 (12.3-12.3)	3.0	120	1.0
198605010507	ダ	左	1400	曇	良	13:20	4歳以上400万下		1986-2-8	1	東京	5	4歳以上400万下	(馬齢)	3	1510	8	3	490	8	2	520	9	2-3	4330	17																							12.6 - 11.2 - 11.5 - 12.6 - 13.0 - 13.1 - 12.9	12.6 - 23.8 - 35.3 - 47.9 - 60.9 - 74.0 - 86.9 (12.6-12.6)	8.0	320	5.0
198605010508	ダ	左	1400	曇	良	13:55	4歳以上400万下		1986-2-8	1	東京	5	4歳以上400万下	(馬齢)	3	660	4	3	190	4	6	180	3	3-4	1620	10																							12.8 - 11.5 - 11.6 - 12.5 - 12.8 - 12.7 - 12.9	12.8 - 24.3 - 35.9 - 48.4 - 61.2 - 73.9 - 86.8 (12.8-12.8)	2.0	150	1.0
198605010510	ダ	左	1400	曇	良	15:05	バレンタインS 		1986-2-8	1	東京	5	4歳以上1400万下	牝(別定)	4	190	1	4	100	1	8	120	2	4-8	320	1																							12.7 - 11.1 - 11.6 - 12.1 - 12.7 - 12.5 - 12.7	12.7 - 23.8 - 35.4 - 47.5 - 60.2 - 72.7 - 85.4 (12.7-12.7)	7.0	130	3.0
198605010601	ダ	左	1400	晴	良	10:00	4歳未勝利		1986-2-9	1	東京	6	4歳未勝利	(馬齢)	8	2080	4	8	230	4	1	100	1	1-8	1520	4																							12.7 - 11.7 - 12.0 - 12.8 - 13.3 - 13.0 - 13.6	12.7 - 24.4 - 36.4 - 49.2 - 62.5 - 75.5 - 89.1 (12.7-12.7)	4.0	120	2.0
198605010602	ダ	左	1400	晴	良	10:25	4歳未勝利		1986-2-9	1	東京	6	4歳未勝利	(馬齢)	4	290	2	4	140	2	2	240	5	2-4	1520	9																							12.8 - 11.7 - 11.7 - 12.3 - 13.1 - 13.2 - 13.7	12.8 - 24.5 - 36.2 - 48.5 - 61.6 - 74.8 - 88.5 (12.8-12.8)	1.0	190	3.0
198605010603	ダ	左	1600	晴	良	10:50	4歳未勝利		1986-2-9	1	東京	6	4歳未勝利	(馬齢)	1	170	1	1	110	1	4	110	2	1-4	230	1																							13.0 - 11.5 - 12.1 - 12.5 - 13.3 - 13.4 - 12.5 - 12.6	13.0 - 24.5 - 36.6 - 49.1 - 62.4 - 75.8 - 88.3 - 100.9 (13.0-13.0)	5.0	130	3.0
198605010604	ダ	左	1200	晴	良	11:15	4歳新馬		1986-2-9	1	東京	6	4歳新馬	(混)(馬齢)	7	820	2	7	160	2	11	110	1	6-8	330	1																							12.4 - 11.0 - 12.5 - 12.6 - 12.3 - 12.9	12.4 - 23.4 - 35.9 - 48.5 - 60.8 - 73.7 (12.4-12.4)	2.0	450	8.0
198605010605	障		3100	晴	良  ダート	11:45	障害4歳以上未勝利		1986-2-9	1	東京	6	障害4歳以上未勝利	(馬齢)	2	290	2	2	170	2	5	260	4	2-5	860	5																											
198605010606	ダ	左	1400	晴	良	12:45	4歳400万下		1986-2-9	1	東京	6	4歳400万下	(馬齢)	6	520	4	6	150	3	2	120	1	2-6	770	2																							12.6 - 11.4 - 12.2 - 12.6 - 13.1 - 12.2 - 13.5	12.6 - 24.0 - 36.2 - 48.8 - 61.9 - 74.1 - 87.6 (12.6-12.6)	5.0	170	4.0
198605010607	ダ	左	1700	晴	良	13:20	4歳以上400万下		1986-2-9	1	東京	6	4歳以上400万下	(混)(馬齢)	4	230	1	4	120	1	9	190	4	4-8	760	2																							7.3 - 11.5 - 12.4 - 13.1 - 13.0 - 12.4 - 12.9 - 12.1 - 12.7	7.3 - 18.8 - 31.2 - 44.3 - 57.3 - 69.7 - 82.6 - 94.7 - 107.4 (7.3-7.3)	1.0	210	5.0
198605010608	ダ	左	1600	晴	良	13:55	4歳以上400万下		1986-2-9	1	東京	6	4歳以上400万下	牝(馬齢)	13	3180	11	13	630	11	9	150	1	5-7	1270	5																							13.1 - 11.8 - 12.4 - 12.6 - 12.8 - 12.9 - 12.5 - 12.6	13.1 - 24.9 - 37.3 - 49.9 - 62.7 - 75.6 - 88.1 - 100.7 (13.1-13.1)	2.0	170	2.0
198605010701	ダ	左	1600	曇	良	10:00	4歳以上300万下		1986-2-15	1	東京	7	4歳以上300万下	[抽](別定)	3	130	1	3	100	1	4	280	7	3-4	1330	4																							13.0 - 11.8 - 12.4 - 12.2 - 12.9 - 13.5 - 13.1 - 12.6	13.0 - 24.8 - 37.2 - 49.4 - 62.3 - 75.8 - 88.9 - 101.5 (13.0-13.0)	5.0	130	2.0
198605010702	ダ	左	1700	曇	良	10:25	4歳未勝利		1986-2-15	1	東京	7	4歳未勝利	牝(馬齢)	4	460	3	4	150	2	10	160	4	4-7	650	3																							7.4 - 11.3 - 11.6 - 12.4 - 12.4 - 13.0 - 13.4 - 13.6 - 13.5	7.4 - 18.7 - 30.3 - 42.7 - 55.1 - 68.1 - 81.5 - 95.1 - 108.6 (7.4-7.4)	12.0	160	3.0
198605010703	ダ	左	1600	曇	良	10:50	4歳未勝利		1986-2-15	1	東京	7	4歳未勝利	(父)(馬齢)	9	350	1	9	130	1	8	260	5	6-7	680	2																							12.7 - 11.4 - 12.0 - 12.4 - 12.9 - 13.2 - 13.1 - 13.4	12.7 - 24.1 - 36.1 - 48.5 - 61.4 - 74.6 - 87.7 - 101.1 (12.7-12.7)	6.0	170	3.0
198605010704	ダ	左	1200	小雨	良	11:15	4歳未勝利		1986-2-15	1	東京	7	4歳未勝利	(馬齢)	6	1950	8	6	340	8	7	110	1	5-5	1440	7																							12.7 - 11.0 - 12.0 - 12.8 - 13.0 - 13.4	12.7 - 23.7 - 35.7 - 48.5 - 61.5 - 74.9 (12.7-12.7)	5.0	170	2.0
198605010705	障		3100	小雨	良  ダート	11:45	障害4歳以上未勝利		1986-2-15	1	東京	7	障害4歳以上未勝利	(馬齢)	3	340	1	3	130	1	2	140	2	2-3	830	3																									8.0	150	4.0
198605010706	ダ	左	1600	小雨	良	12:45	4歳新馬		1986-2-15	1	東京	7	4歳新馬	(馬齢)	4	770	5	4	250	5	14	150	1	2-7	1420	9																							12.7 - 11.0 - 11.5 - 12.7 - 13.1 - 13.3 - 13.6 - 13.0	12.7 - 23.7 - 35.2 - 47.9 - 61.0 - 74.3 - 87.9 - 100.9 (12.7-12.7)	16.0	170	4.0
198605010707	ダ	左	1600	小雨	良	13:20	4歳以上400万下		1986-2-15	1	東京	7	4歳以上400万下	(父)(馬齢)	14	970	5	14	230	5	3	140	1	2-7	1060	5																							12.9 - 11.1 - 11.8 - 12.1 - 12.5 - 12.7 - 12.8 - 12.9	12.9 - 24.0 - 35.8 - 47.9 - 60.4 - 73.1 - 85.9 - 98.8 (12.9-12.9)	4.0	200	3.0
198605010708	ダ	左	1200	小雨	良	13:55	シクラメン賞 		1986-2-15	1	東京	7	4歳400万下	(別定)	6	170	1	6	110	1	7	140	2	6-7	440	1																							12.5 - 11.1 - 11.9 - 12.7 - 12.4 - 12.5	12.5 - 23.6 - 35.5 - 48.2 - 60.6 - 73.1 (12.5-12.5)	4.0	150	3.0
198605010709	障		3300	小雨	良	14:30	東京障害特別(春)	G	1986-2-15	1	東京	7	障害4歳以上オープン	(ハンデ)	5	490	2	5	140	2	8	120	1	5-8	620	2																									4.0	150	3.0
198605010710	ダ	左	2100	曇	良	15:05	三峰山特別 		1986-2-15	1	東京	7	4歳以上900万下	(混)(別定)	13	280	1	13	120	1	8	130	2	6-8	310	1																							7.1 - 11.5 - 12.0 - 12.4 - 12.5 - 12.2 - 12.3 - 12.4 - 12.7 - 12.6 - 12.9	7.1 - 18.6 - 30.6 - 43.0 - 55.5 - 67.7 - 80.0 - 92.4 - 105.1 - 117.7 - 130.6 (7.1-7.1)	10.0	170	3.0
198605010801	ダ	左	1400	晴	良	10:00	4歳未勝利		1986-2-16	1	東京	8	4歳未勝利	(馬齢)	10	220	1	10	100	1	11	120	2	7-8	370	1																							12.6 - 11.1 - 11.5 - 12.4 - 13.4 - 13.2 - 13.5	12.6 - 23.7 - 35.2 - 47.6 - 61.0 - 74.2 - 87.7 (12.6-12.6)	7.0	130	3.0
198605010802	ダ	左	1600	晴	良	10:25	4歳未勝利		1986-2-16	1	東京	8	4歳未勝利	(混)(馬齢)	6	270	2	6	140	2	5	240	4	5-6	1310	7																							12.8 - 11.3 - 11.9 - 12.0 - 12.9 - 13.6 - 12.9 - 13.3	12.8 - 24.1 - 36.0 - 48.0 - 60.9 - 74.5 - 87.4 - 100.7 (12.8-12.8)	7.0	440	6.0
198605010803	ダ	左	1200	晴	良	10:50	4歳新馬		1986-2-16	1	東京	8	4歳新馬	(馬齢)	9	270	1	9	120	1	12	140	3	5-6	780	3																							12.7 - 10.7 - 11.9 - 12.8 - 13.0 - 13.6	12.7 - 23.4 - 35.3 - 48.1 - 61.1 - 74.7 (12.7-12.7)	16.0	170	4.0
198605010804	ダ	左	1700	晴	良	11:15	4歳400万下		1986-2-16	1	東京	8	4歳400万下	(馬齢)	1	380	2	1	160	2	7	310	6	1-7	2510	11																							7.2 - 10.8 - 11.1 - 11.7 - 12.0 - 12.8 - 13.5 - 14.2 - 14.4	7.2 - 18.0 - 29.1 - 40.8 - 52.8 - 65.6 - 79.1 - 93.3 - 107.7 (7.2-7.2)	4.0	230	4.0
198605010805	障		3300	晴	良  ダート	11:45	障害4歳以上400万下		1986-2-16	1	東京	8	障害4歳以上400万下	(別定)	4	690	3	4	150	3	1	140	2	1-4	1380	6																									7.0	110	1.0
198605010806	芝	左	1800	晴	良	12:45	4歳新馬		1986-2-16	1	東京	8	4歳新馬	(馬齢)	9	140	1	9	110	1	10	180	4	5-6	600	3																							12.5 - 11.2 - 11.7 - 12.2 - 12.1 - 12.8 - 13.2 - 12.5 - 12.4	12.5 - 23.7 - 35.4 - 47.6 - 59.7 - 72.5 - 85.7 - 98.2 - 110.6 (12.5-12.5)	14.0	130	2.0
198605010807	芝	左	1800	晴	良	13:20	4歳新馬		1986-2-16	1	東京	8	4歳新馬	(馬齢)	12	150	1	12	120	1	14	180	3	7-8	490	3																							12.4 - 11.1 - 11.7 - 12.1 - 12.5 - 12.8 - 12.9 - 12.6 - 12.5	12.4 - 23.5 - 35.2 - 47.3 - 59.8 - 72.6 - 85.5 - 98.1 - 110.6 (12.4-12.4)	13.0	800	10.0
198605010808	ダ	左	1600	晴	良	13:55	うぐいす賞 		1986-2-16	1	東京	8	4歳400万下	牝(別定)	4	830	5	4	360	4	2	420	5	2-4	2470	10																							12.7 - 10.9 - 11.5 - 11.8 - 13.0 - 13.6 - 13.1 - 12.9	12.7 - 23.6 - 35.1 - 46.9 - 59.9 - 73.5 - 86.6 - 99.5 (12.7-12.7)			
198605010809	ダ	左	1600	晴	良	14:30	4歳以上400万下		1986-2-16	1	東京	8	4歳以上400万下	(馬齢)	5	230	1	5	130	1	4	160	2	2-3	460	1																							12.9 - 11.1 - 11.5 - 12.5 - 13.0 - 13.4 - 13.0 - 13.2	12.9 - 24.0 - 35.5 - 48.0 - 61.0 - 74.4 - 87.4 - 100.6 (12.9-12.9)	10.0	680	12.0
198605010810	ダ	左	1400	晴	良	15:05	早春特別 		1986-2-16	1	東京	8	4歳以上900万下	(別定)	9	230	1	9	120	1	7	130	2	6-7	440	1																							12.6 - 11.2 - 11.4 - 12.3 - 12.7 - 12.5 - 12.4	12.6 - 23.8 - 35.2 - 47.5 - 60.2 - 72.7 - 85.1 (12.6-12.6)	4.0	540	11.0
198605010811	芝	左	2500	晴	良	15:45	目黒記念	G2	1986-2-16	1	東京	8	4歳以上オープン	(ハンデ)	11	2630	10	11	720	10	4	450	8	3-7	7230	28																							7.4 - 11.3 - 11.4 - 11.7 - 11.8 - 12.7 - 12.2 - 12.1 - 12.1 - 12.6 - 12.7 - 12.0 - 12.1	7.4 - 18.7 - 30.1 - 41.8 - 53.6 - 66.3 - 78.5 - 90.6 - 102.7 - 115.3 - 128.0 - 140.0 - 152.1 (7.4-7.4)	7.0	180	2.0
198605010812	ダ	左	1600	晴	良	16:20	4歳以上900万下		1986-2-16	1	東京	8	4歳以上900万下	(馬齢)	10	1760	8	10	470	8	11	2,250	11	7-7	88570	33																							12.9 - 11.3 - 11.5 - 11.9 - 12.3 - 13.1 - 13.2 - 13.2	12.9 - 24.2 - 35.7 - 47.6 - 59.9 - 73.0 - 86.2 - 99.4 (12.9-12.9)	12.0	210	3.0
198605020301	ダ	左	1600	晴	良	10:00	4歳未勝利		1986-4-27	2	東京	3	4歳未勝利	(混)(馬齢)	6	1080	6	6	310	6	2	270	5	1-3	650	3																							12.4 - 11.5 - 11.9 - 12.2 - 12.2 - 13.0 - 13.1 - 13.6	12.4 - 23.9 - 35.8 - 48.0 - 60.2 - 73.2 - 86.3 - 99.9 (12.4-12.4)	13.0	160	1.0
198605020302	芝	左	1800	晴	良	10:25	4歳未勝利		1986-4-27	2	東京	3	4歳未勝利	(馬齢)	4	120	1	4	110	1	9	190	4	3-6	430	2																							12.9 - 11.8 - 11.9 - 12.3 - 12.0 - 12.3 - 12.9 - 12.6 - 12.8	12.9 - 24.7 - 36.6 - 48.9 - 60.9 - 73.2 - 86.1 - 98.7 - 111.5 (12.9-12.9)	3.0	350	6.0
198605020303	芝	左	1400	晴	良	10:50	4歳未勝利		1986-4-27	2	東京	3	4歳未勝利	(馬齢)	2	200	1	2	120	1	16	130	2	1-8	370	1																							12.6 - 11.3 - 11.3 - 11.6 - 12.4 - 12.3 - 12.8	12.6 - 23.9 - 35.2 - 46.8 - 59.2 - 71.5 - 84.3 (12.6-12.6)	10.0	210	4.0
198605020304	芝	左	2000	晴	良	11:15	4歳400万下		1986-4-27	2	東京	3	4歳400万下	(馬齢)	5	310	1	5	130	1	8	160	3	5-8	560	1																							13.4 - 11.8 - 12.1 - 12.6 - 12.9 - 12.1 - 11.9 - 12.6 - 12.7 - 12.8	13.4 - 25.2 - 37.3 - 49.9 - 62.8 - 74.9 - 86.8 - 99.4 - 112.1 - 124.9 (13.4-13.4)	2.0	280	6.0
198605020305	障		3100	晴	良  ダート	11:45	障害4歳以上未勝利		1986-4-27	2	東京	3	障害4歳以上未勝利	(混)(馬齢)	11	440	2	11	180	2	5	2,670	13	4-7	2830	15																									12.0	240	3.0
198605020306	芝	左	1400	晴	良	12:45	4歳未勝利		1986-4-27	2	東京	3	4歳未勝利	(馬齢)	10	430	1	10	180	3	14	160	1	6-8	750	2																							12.6 - 10.8 - 11.5 - 11.9 - 12.7 - 12.4 - 13.0	12.6 - 23.4 - 34.9 - 46.8 - 59.5 - 71.9 - 84.9 (12.6-12.6)	6.0	270	5.0
198605020307	芝	左	1600	晴	良	13:20	4歳400万下		1986-4-27	2	東京	3	4歳400万下	(馬齢)	3	250	1	3	130	1	8	190	5	3-8	1080	5																							12.4 - 11.5 - 11.8 - 11.7 - 12.1 - 13.3 - 12.6 - 12.6	12.4 - 23.9 - 35.7 - 47.4 - 59.5 - 72.8 - 85.4 - 98.0 (12.4-12.4)	7.0	170	4.0
198605020308	ダ	左	1200	晴	良	13:55	4歳以上400万下		1986-4-27	2	東京	3	4歳以上400万下	牝(馬齢)	2	3000	8	2	620	8	7	220	5	2-7	6800	19																							12.4 - 10.9 - 11.3 - 12.3 - 13.1 - 13.0	12.4 - 23.3 - 34.6 - 46.9 - 60.0 - 73.0 (12.4-12.4)	8.0	480	7.0
198605020309	芝	左	1600	晴	良	14:30	丹沢特別 		1986-4-27	2	東京	3	4歳以上1400万下	(馬齢)	6	690	3	6	210	3	7	120	1	6-7	540	2																							12.7 - 12.1 - 12.2 - 11.6 - 11.9 - 12.0 - 11.8 - 12.0	12.7 - 24.8 - 37.0 - 48.6 - 60.5 - 72.5 - 84.3 - 96.3 (12.7-12.7)			
198605020310	芝	左	2000	晴	良	15:05	八ヶ岳特別 		1986-4-27	2	東京	3	4歳以上900万下	(ハンデ)	5	430	2	5	170	2	2	240	5	2-5	2420	13																							13.0 - 11.7 - 11.9 - 12.4 - 12.6 - 12.0 - 12.1 - 12.8 - 12.3 - 12.3	13.0 - 24.7 - 36.6 - 49.0 - 61.6 - 73.6 - 85.7 - 98.5 - 110.8 - 123.1 (13.0-13.0)	6.0	250	6.0
198605020311	芝	左	1800	晴	良	15:45	サンスポ4歳牝馬特別	G2	1986-4-27	2	東京	3	4歳オープン	牝(定量)	13	190	1	13	140	1	10	330	4	5-7	890	3																							12.4 - 12.1 - 12.6 - 13.2 - 12.3 - 12.2 - 12.1 - 11.9 - 12.0	12.4 - 24.5 - 37.1 - 50.3 - 62.6 - 74.8 - 86.9 - 98.8 - 110.8 (12.4-12.4)	8.0	510	9.0
198605020401	ダ	左	1600	晴	不良	10:00	4歳未勝利		1986-4-29	2	東京	4	4歳未勝利	(馬齢)	3	650	4	3	210	5	15	200	3	2-8	520	1																							12.9 - 10.9 - 11.6 - 11.9 - 12.9 - 13.5 - 13.5 - 13.2	12.9 - 23.8 - 35.4 - 47.3 - 60.2 - 73.7 - 87.2 - 100.4 (12.9-12.9)	8.0	210	4.0
198605020402	ダ	左	1600	晴	不良	10:25	4歳未勝利		1986-4-29	2	東京	4	4歳未勝利	(父)(馬齢)	1	670	4	1	190	4	5	180	3	1-4	1310	6																							12.9 - 11.6 - 12.1 - 12.3 - 12.7 - 13.0 - 13.2 - 12.6	12.9 - 24.5 - 36.6 - 48.9 - 61.6 - 74.6 - 87.8 - 100.4 (12.9-12.9)	11.0	330	5.0
198605020403	芝	左	2000	晴	重	10:50	4歳未勝利		1986-4-29	2	東京	4	4歳未勝利	(馬齢)	8	460	2	8	170	2	1	280	6	1-6	2020	10																							13.1 - 12.1 - 12.3 - 13.0 - 12.9 - 12.5 - 12.4 - 12.8 - 12.1 - 12.8	13.1 - 25.2 - 37.5 - 50.5 - 63.4 - 75.9 - 88.3 - 101.1 - 113.2 - 126.0 (13.1-13.1)	6.0	210	4.0
198605020404	芝	左	1600	晴	重	11:15	4歳未勝利		1986-4-29	2	東京	4	4歳未勝利	牝(馬齢)	12	6110	11	12	1,060	11	1	160	1	1-7	1730	9																							12.6 - 11.5 - 12.0 - 12.4 - 12.6 - 13.3 - 12.6 - 12.9	12.6 - 24.1 - 36.1 - 48.5 - 61.1 - 74.4 - 87.0 - 99.9 (12.6-12.6)	14.0	170	2.0
198605020501	ダ	左	1700	小雨	重	10:00	4歳未勝利		1986-5-3	2	東京	5	4歳未勝利	牝(馬齢)	9	150	1	9	100	1	4	130	2	4-8	550	2																							7.1 - 11.3 - 11.8 - 12.6 - 12.3 - 12.7 - 13.1 - 13.3 - 13.1	7.1 - 18.4 - 30.2 - 42.8 - 55.1 - 67.8 - 80.9 - 94.2 - 107.3 (7.1-7.1)	7.0	200	5.0
198605020502	ダ	左	1700	小雨	重	10:25	4歳未勝利		1986-5-3	2	東京	5	4歳未勝利	(馬齢)	7	1850	7	7	310	7	3	120	1	3-7	1970	9																							7.2 - 11.3 - 11.7 - 12.6 - 12.4 - 12.6 - 12.9 - 13.1 - 12.9	7.2 - 18.5 - 30.2 - 42.8 - 55.2 - 67.8 - 80.7 - 93.8 - 106.7 (7.2-7.2)	9.0	120	2.0
198605020503	ダ	左	1700	小雨	重	10:50	4歳未勝利		1986-5-3	2	東京	5	4歳未勝利	(父)(馬齢)	1	400	3	1	140	3	5	180	4	1-5	1810	6																							7.0 - 11.7 - 11.7 - 12.3 - 12.4 - 12.6 - 12.6 - 12.9 - 13.0	7.0 - 18.7 - 30.4 - 42.7 - 55.1 - 67.7 - 80.3 - 93.2 - 106.2 (7.0-7.0)	7.0	110	1.0
198605020601	ダ	左	2300	雨	重	10:00	4歳400万下		1986-5-4	2	東京	6	4歳400万下	(馬齢)	2	230	1	2	130	1	1	140	2	1-2	350	1																							7.7 - 12.7 - 12.3 - 13.1 - 12.9 - 12.9 - 13.2 - 12.7 - 12.4 - 12.0 - 12.4 - 12.6	7.7 - 20.4 - 32.7 - 45.8 - 58.7 - 71.6 - 84.8 - 97.5 - 109.9 - 121.9 - 134.3 - 146.9 (7.7-7.7)			
198605020602	ダ	左	1600	曇	重	10:25	4歳400万下		1986-5-4	2	東京	6	4歳400万下	牝(馬齢)	6	140	1	6	110	1	3	370	5	3-6	970	4																							12.6 - 11.0 - 11.5 - 11.9 - 11.9 - 12.3 - 13.2 - 13.2	12.6 - 23.6 - 35.1 - 47.0 - 58.9 - 71.2 - 84.4 - 97.6 (12.6-12.6)			
198605020603	ダ	左	1600	曇	重	10:50	4歳未勝利		1986-5-4	2	東京	6	4歳未勝利	(馬齢)	6	790	4	6	140	4	7	100	2	6-7	1060	5																							13.0 - 11.7 - 11.8 - 12.0 - 12.7 - 13.0 - 12.5 - 12.9	13.0 - 24.7 - 36.5 - 48.5 - 61.2 - 74.2 - 86.7 - 99.6 (13.0-13.0)	2.0	100	1.0
198605020604	ダ	左	1200	曇	重	11:15	4歳未勝利		1986-5-4	2	東京	6	4歳未勝利	(馬齢)	2	520	3	2	130	3	8	110	1	2-8	670	3																							12.6 - 10.8 - 11.7 - 12.5 - 12.8 - 13.1	12.6 - 23.4 - 35.1 - 47.6 - 60.4 - 73.5 (12.6-12.6)	1.0	110	2.0
198605020605	障		3300	曇	重  ダート	11:45	障害4歳以上オープン		1986-5-4	2	東京	6	障害4歳以上オープン	(別定)	6	310	1	6	130	1	9	150	2	5-6	490	1																									13.0	170	4.0
198605020606	ダ	左	1200	曇	重	12:45	4歳未勝利		1986-5-4	2	東京	6	4歳未勝利	(馬齢)	5	250	1	5	120	1	3	140	3	3-5	460	1																							12.5 - 10.6 - 11.7 - 12.6 - 13.1 - 13.1	12.5 - 23.1 - 34.8 - 47.4 - 60.5 - 73.6 (12.5-12.5)	8.0	400	7.0
198605020607	ダ	左	1700	晴	重	13:20	4歳未勝利		1986-5-4	2	東京	6	4歳未勝利	(馬齢)	4	770	4	4	180	4	8	580	7	4-8	14170	20																							7.1 - 11.1 - 11.2 - 12.5 - 12.5 - 12.6 - 12.8 - 12.5 - 12.7	7.1 - 18.2 - 29.4 - 41.9 - 54.4 - 67.0 - 79.8 - 92.3 - 105.0 (7.1-7.1)	5.0	170	2.0
198605020608	ダ	左	1400	晴	重	13:55	4歳未勝利		1986-5-4	2	東京	6	4歳未勝利	(馬齢)	8	340	1	8	150	2	2	180	4	2-8	920	4																							12.5 - 11.4 - 11.8 - 12.1 - 12.7 - 12.6 - 13.0	12.5 - 23.9 - 35.7 - 47.8 - 60.5 - 73.1 - 86.1 (12.5-12.5)	6.0	160	3.0
198605020609	芝	左	1800	晴	重	14:30	狭山特別 		1986-5-4	2	東京	6	4歳以上900万下	(ハンデ)	6	560	3	6	180	4	10	140	1	6-8	820	2																							12.9 - 12.4 - 12.4 - 12.7 - 12.4 - 12.0 - 12.4 - 12.0 - 11.9	12.9 - 25.3 - 37.7 - 50.4 - 62.8 - 74.8 - 87.2 - 99.2 - 111.1 (12.9-12.9)	8.0	450	10.0
198605020610	芝	左	1600	晴	重	15:05	立夏賞 		1986-5-4	2	東京	6	4歳以上1400万下	(別定)	1	320	2	1	150	2	7	270	5	1-7	1580	7																							13.1 - 12.0 - 12.2 - 12.2 - 12.3 - 12.1 - 12.0 - 12.2	13.1 - 25.1 - 37.3 - 49.5 - 61.8 - 73.9 - 85.9 - 98.1 (13.1-13.1)	4.0	420	8.0
198605020611	芝	左	2000	晴	重	15:45	NHK杯	G2	1986-5-4	2	東京	6	4歳オープン	牡・牝(定量)	8	920	4	8	290	5	4	220	3	2-4	1990	11																							12.6 - 11.6 - 11.6 - 12.2 - 12.8 - 12.4 - 12.6 - 13.0 - 12.6 - 12.2	12.6 - 24.2 - 35.8 - 48.0 - 60.8 - 73.2 - 85.8 - 98.8 - 111.4 - 123.6 (12.6-12.6)	6.0	160	1.0
198605020701	ダ	左	1700	晴	良	10:00	4歳未勝利		1986-5-10	2	東京	7	4歳未勝利	(父)(馬齢)	6	180	1	6	100	1	10	110	2	6-8	180	1																							7.1 - 11.5 - 11.9 - 12.2 - 12.5 - 13.0 - 13.3 - 12.8 - 13.1	7.1 - 18.6 - 30.5 - 42.7 - 55.2 - 68.2 - 81.5 - 94.3 - 107.4 (7.1-7.1)	5.0	330	6.0
198605020702	ダ	左	1600	晴	良	10:25	4歳未勝利		1986-5-10	2	東京	7	4歳未勝利	牝(馬齢)	1	560	3	1	160	3	4	110	1	1-4	490	2																							12.6 - 11.2 - 12.2 - 11.9 - 12.3 - 13.0 - 13.3 - 13.5	12.6 - 23.8 - 36.0 - 47.9 - 60.2 - 73.2 - 86.5 - 100.0 (12.6-12.6)	9.0	290	7.0
198605020703	芝	左	1800	晴	良	10:50	4歳未勝利		1986-5-10	2	東京	7	4歳未勝利	(馬齢)	10	370	1	10	150	1	7	480	9	5-6	2470	10																							12.7 - 12.2 - 12.4 - 12.6 - 12.4 - 12.3 - 12.6 - 12.4 - 13.0	12.7 - 24.9 - 37.3 - 49.9 - 62.3 - 74.6 - 87.2 - 99.6 - 112.6 (12.7-12.7)	6.0	280	5.0
198605020704	ダ	左	1400	晴	良	11:15	4歳以上400万下		1986-5-10	2	東京	7	4歳以上400万下	(混)(馬齢)	2	200	1	2	110	1	5	120	2	2-5	300	1																							12.7 - 11.5 - 11.5 - 12.1 - 12.2 - 13.2 - 12.8	12.7 - 24.2 - 35.7 - 47.8 - 60.0 - 73.2 - 86.0 (12.7-12.7)	7.0	180	4.0
198605020705	障		3100	晴	良  ダート	11:45	障害4歳以上未勝利		1986-5-10	2	東京	7	障害4歳以上未勝利	(馬齢)	1	300	2	1	130	1	9	140	3	1-7	420	2																									8.0	190	5.0
198605020706	芝	左	1600	晴	良	12:45	4歳未勝利		1986-5-10	2	東京	7	4歳未勝利	(馬齢)	6	5740	12	6	1,210	12	12	170	2	4-7	1310	4																							12.8 - 12.0 - 12.1 - 12.1 - 12.2 - 12.2 - 12.3 - 12.4	12.8 - 24.8 - 36.9 - 49.0 - 61.2 - 73.4 - 85.7 - 98.1 (12.8-12.8)	10.0	450	7.0
198605020707	ダ	左	1400	晴	良	13:20	4歳以上400万下		1986-5-10	2	東京	7	4歳以上400万下	(混)(馬齢)	1	490	3	1	130	3	2	110	1	1-2	530	2																							12.7 - 11.4 - 11.8 - 12.1 - 12.7 - 12.8 - 12.2	12.7 - 24.1 - 35.9 - 48.0 - 60.7 - 73.5 - 85.7 (12.7-12.7)	4.0	130	2.0
198605020708	芝	左	1600	晴	良	13:55	4歳400万下		1986-5-10	2	東京	7	4歳400万下	(馬齢)	6	570	3	6	200	3	12	250	5	4-7	910	3																							12.6 - 11.5 - 11.9 - 12.2 - 12.2 - 12.1 - 12.0 - 12.4	12.6 - 24.1 - 36.0 - 48.2 - 60.4 - 72.5 - 84.5 - 96.9 (12.6-12.6)	2.0	260	6.0
198605020709	芝	左	2000	曇	良	14:30	4歳中距離特別 		1986-5-10	2	東京	7	4歳400万下	(別定)	4	220	1	4	130	1	10	170	3	4-8	560	2																							13.0 - 12.0 - 12.1 - 12.3 - 12.5 - 12.1 - 12.5 - 12.5 - 12.1 - 12.2	13.0 - 25.0 - 37.1 - 49.4 - 61.9 - 74.0 - 86.5 - 99.0 - 111.1 - 123.3 (13.0-13.0)	5.0	780	11.0
198605020801	ダ	左	1600	曇	良	10:00	4歳未勝利		1986-5-11	2	東京	8	4歳未勝利	(馬齢)	1	320	1	1	160	1	4	410	7	1-4	720	4																							13.0 - 11.2 - 12.1 - 12.1 - 12.4 - 12.7 - 13.2 - 13.2	13.0 - 24.2 - 36.3 - 48.4 - 60.8 - 73.5 - 86.7 - 99.9 (13.0-13.0)	2.0	850	8.0
198605020802	芝	左	2000	曇	良	10:25	4歳未勝利		1986-5-11	2	東京	8	4歳未勝利	(混)(馬齢)	2	200	1	2	120	1	5	440	8	2-5	3590	13																							12.8 - 11.8 - 11.9 - 12.7 - 12.1 - 12.0 - 12.5 - 13.1 - 12.7 - 13.3	12.8 - 24.6 - 36.5 - 49.2 - 61.3 - 73.3 - 85.8 - 98.9 - 111.6 - 124.9 (12.8-12.8)	12.0	160	2.0
198605020803	芝	左	2000	曇	良	10:50	4歳以上1400万下		1986-5-11	2	東京	8	4歳以上1400万下	(混)(馬齢)	6	140	1	6	100	1	3	130	2	3-6	210	1																							13.2 - 12.3 - 11.9 - 12.1 - 12.3 - 12.2 - 12.1 - 12.3 - 11.7 - 12.2	13.2 - 25.5 - 37.4 - 49.5 - 61.8 - 74.0 - 86.1 - 98.4 - 110.1 - 122.3 (13.2-13.2)			
198605030101	ダ	左	1700	晴	良	10:00	4歳未勝利		1986-5-17	3	東京	1	4歳未勝利	(父)(馬齢)	1	240	2	1	110	2	10	430	7	1-8	4030	11																							7.3 - 11.6 - 11.7 - 12.3 - 12.4 - 13.0 - 12.9 - 12.9 - 13.0	7.3 - 18.9 - 30.6 - 42.9 - 55.3 - 68.3 - 81.2 - 94.1 - 107.1 (7.3-7.3)	6.0	100	1.0
198605030102	芝	左	2000	晴	稍重	10:25	4歳未勝利		1986-5-17	3	東京	1	4歳未勝利	(馬齢)	9	430	3	9	130	3	11	220	5	7-8	240	1																							13.6 - 12.0 - 12.0 - 12.6 - 12.8 - 12.4 - 12.5 - 12.6 - 12.4 - 12.8	13.6 - 25.6 - 37.6 - 50.2 - 63.0 - 75.4 - 87.9 - 100.5 - 112.9 - 125.7 (13.6-13.6)	10.0	100	1.0
198605030103	ダ	左	1600	晴	良	10:50	4歳未勝利		1986-5-17	3	東京	1	4歳未勝利	牝(馬齢)	2	300	2	2	120	2	6	120	1	2-4	330	1																							12.9 - 11.5 - 12.2 - 12.3 - 12.6 - 12.4 - 12.8 - 12.7	12.9 - 24.4 - 36.6 - 48.9 - 61.5 - 73.9 - 86.7 - 99.4 (12.9-12.9)	5.0	1,210	13.0
198605030104	芝	左	2000	晴	稍重	11:15	4歳未勝利		1986-5-17	3	東京	1	4歳未勝利	(馬齢)	10	300	2	10	120	2	5	120	1	5-8	320	1																							13.4 - 11.9 - 12.0 - 12.5 - 12.5 - 12.5 - 12.7 - 13.0 - 12.0 - 12.5	13.4 - 25.3 - 37.3 - 49.8 - 62.3 - 74.8 - 87.5 - 100.5 - 112.5 - 125.0 (13.4-13.4)	4.0	210	5.0
198605030105	障		3100	晴	稍重  ダート	11:45	障害4歳以上未勝利		1986-5-17	3	東京	1	障害4歳以上未勝利	(馬齢)	4	800	4	4	220	5	10	200	3	4-8	1270	6																									6.0	230	6.0
198605030106	芝	左	1600	晴	稍重	12:45	4歳未勝利		1986-5-17	3	東京	1	4歳未勝利	(馬齢)	19	770	3	19	270	3	15	580	9	7-8	720	3																							12.9 - 11.3 - 11.8 - 11.9 - 12.4 - 12.6 - 12.7 - 12.8	12.9 - 24.2 - 36.0 - 47.9 - 60.3 - 72.9 - 85.6 - 98.4 (12.9-12.9)	16.0	140	1.0
198605030107	芝	左	2400	晴	稍重	13:20	エメラルドステークス 		1986-5-17	3	東京	1	4歳以上1400万下	(ハンデ)	2	290	2	2	180	2	4	460	6	2-4	2410	9																							13.6 - 12.4 - 12.9 - 12.6 - 12.9 - 12.3 - 12.3 - 12.2 - 12.2 - 12.2 - 12.5 - 13.4	13.6 - 26.0 - 38.9 - 51.5 - 64.4 - 76.7 - 89.0 - 101.2 - 113.4 - 125.6 - 138.1 - 151.5 (13.6-13.6)			
198605030108	ダ	左	1200	晴	良	13:55	4歳400万下		1986-5-17	3	東京	1	4歳400万下	(馬齢)	2	320	1	2	150	2	12	220	4	2-7	1410	4																							12.5 - 10.7 - 11.6 - 12.0 - 12.3 - 12.8	12.5 - 23.2 - 34.8 - 46.8 - 59.1 - 71.9 (12.5-12.5)	11.0	190	3.0
198605030109	芝	左	2300	晴	稍重	14:30	4歳以上400万下		1986-5-17	3	東京	1	4歳以上400万下	(馬齢)	10	240	1	10	160	1	5	450	6	3-5	1990	9																							7.3 - 11.6 - 11.5 - 11.6 - 12.6 - 12.9 - 13.0 - 12.6 - 12.4 - 12.7 - 12.4 - 13.3	7.3 - 18.9 - 30.4 - 42.0 - 54.6 - 67.5 - 80.5 - 93.1 - 105.5 - 118.2 - 130.6 - 143.9 (7.3-7.3)	7.0	680	11.0
198605030110	芝	左	1800	晴	稍重	15:05	露草賞 		1986-5-17	3	東京	1	4歳400万下	(馬齢)	9	240	1	9	110	1	5	170	4	5-8	940	3																							13.0 - 11.8 - 11.7 - 12.5 - 12.2 - 12.2 - 12.4 - 12.0 - 13.2	13.0 - 24.8 - 36.5 - 49.0 - 61.2 - 73.4 - 85.8 - 97.8 - 111.0 (13.0-13.0)	2.0	120	2.0
198605030111	芝	左	1400	晴	稍重	15:45	カーネーションカップ 		1986-5-17	3	東京	1	4歳オープン	(混)	1	390	3	1	130	3	6	160	4	1-6	1120	6																							12.8 - 11.3 - 11.4 - 11.7 - 11.9 - 12.4 - 13.0	12.8 - 24.1 - 35.5 - 47.2 - 59.1 - 71.5 - 84.5 (12.8-12.8)	8.0	120	1.0
198605030201	ダ	左	1600	晴	良	10:00	4歳未勝利		1986-5-18	3	東京	2	4歳未勝利	(馬齢)	9	870	3	9	280	3	13	120	1	5-7	320	1																							13.0 - 11.0 - 11.9 - 12.2 - 12.9 - 13.1 - 13.0 - 13.1	13.0 - 24.0 - 35.9 - 48.1 - 61.0 - 74.1 - 87.1 - 100.2 (13.0-13.0)	16.0	730	11.0
198605030202	ダ	左	1200	晴	良	10:25	4歳未勝利		1986-5-18	3	東京	2	4歳未勝利	(馬齢)	14	1130	4	14	300	5	4	140	2	2-7	2420	11																							12.8 - 11.0 - 11.9 - 12.4 - 12.9 - 12.8	12.8 - 23.8 - 35.7 - 48.1 - 61.0 - 73.8 (12.8-12.8)	16.0	260	3.0
198605030203	芝	左	1800	晴	良	10:50	4歳未勝利		1986-5-18	3	東京	2	4歳未勝利	(馬齢)	7	120	1	7	110	1	9	180	3	6-7	390	2																							13.1 - 11.9 - 12.0 - 12.3 - 12.3 - 12.6 - 12.7 - 12.2 - 13.7	13.1 - 25.0 - 37.0 - 49.3 - 61.6 - 74.2 - 86.9 - 99.1 - 112.8 (13.1-13.1)	3.0	500	10.0
198605030204	芝	左	1400	晴	良	11:15	4歳未勝利		1986-5-18	3	東京	2	4歳未勝利	(馬齢)	18	3170	11	18	560	7	8	560	5	4-8	7040	22																							13.1 - 10.9 - 11.3 - 12.2 - 12.5 - 12.5 - 13.0	13.1 - 24.0 - 35.3 - 47.5 - 60.0 - 72.5 - 85.5 (13.1-13.1)	15.0	160	2.0
198605030205	芝	左	2000	晴	良	11:45	4歳400万下		1986-5-18	3	東京	2	4歳400万下	(混)(馬齢)	1	250	1	1	130	1	4	230	5	1-4	950	3																							13.5 - 11.9 - 12.0 - 12.4 - 12.3 - 12.1 - 12.3 - 12.5 - 12.4 - 12.8	13.5 - 25.4 - 37.4 - 49.8 - 62.1 - 74.2 - 86.5 - 99.0 - 111.4 - 124.2 (13.5-13.5)	2.0	250	6.0
198605030206	芝	左	1600	曇	良	12:55	4歳400万下		1986-5-18	3	東京	2	4歳400万下	(父)(馬齢)	1	1400	5	1	320	5	4	240	4	1-4	4800	16																							12.9 - 11.6 - 11.8 - 11.8 - 12.2 - 12.5 - 12.7 - 12.9	12.9 - 24.5 - 36.3 - 48.1 - 60.3 - 72.8 - 85.5 - 98.4 (12.9-12.9)	2.0	160	3.0
198605030207	芝	左	1600	曇	良	13:25	4歳以上900万下		1986-5-18	3	東京	2	4歳以上900万下	(馬齢)	15	690	4	15	230	4	12	130	1	6-8	750	3																							13.2 - 11.3 - 11.4 - 11.9 - 12.1 - 11.6 - 12.0 - 13.8	13.2 - 24.5 - 35.9 - 47.8 - 59.9 - 71.5 - 83.5 - 97.3 (13.2-13.2)	1.0	500	9.0
198605030208	芝	左	2000	曇	良	14:05	秋川特別 		1986-5-18	3	東京	2	4歳以上900万下	(ハンデ)	12	530	3	12	160	2	9	150	1	7-8	690	3																							13.7 - 12.4 - 12.7 - 12.2 - 12.0 - 12.0 - 12.0 - 12.2 - 12.0 - 12.6	13.7 - 26.1 - 38.8 - 51.0 - 63.0 - 75.0 - 87.0 - 99.2 - 111.2 - 123.8 (13.7-13.7)	8.0	220	5.0
198605030209	ダ	左	1600	曇	良	14:45	是政特別 		1986-5-18	3	東京	2	4歳以上1400万下	(別定)	6	1390	6	6	340	7	9	130	1	5-7	1410	6																							13.3 - 11.4 - 12.2 - 12.0 - 12.1 - 12.0 - 12.5 - 12.2	13.3 - 24.7 - 36.9 - 48.9 - 61.0 - 73.0 - 85.5 - 97.7 (13.3-13.3)	1.0	210	4.0
198605030210	芝	左	2400	曇	良	15:35	優駿牝馬	G1	1986-5-18	3	東京	2	4歳オープン	牝(定量)	10	180	1	10	120	1	9	540	11	3-4	500	1																							13.0 - 11.4 - 12.2 - 12.0 - 12.9 - 12.4 - 12.8 - 12.4 - 12.7 - 12.6 - 12.4 - 12.8	13.0 - 24.4 - 36.6 - 48.6 - 61.5 - 73.9 - 86.7 - 99.1 - 111.8 - 124.4 - 136.8 - 149.6 (13.0-13.0)	8.0	220	2.0
198605030301	ダ	左	1700	晴	良	10:00	4歳未勝利		1986-5-24	3	東京	3	4歳未勝利	(混)(馬齢)	1	1220	5	1	300	6	10	120	1	1-8	1120	4																							7.4 - 11.4 - 11.7 - 12.2 - 12.2 - 12.1 - 12.7 - 12.8 - 13.3	7.4 - 18.8 - 30.5 - 42.7 - 54.9 - 67.0 - 79.7 - 92.5 - 105.8 (7.4-7.4)	9.0	170	3.0
198605030302	芝	左	2000	晴	稍重	10:25	4歳未勝利		1986-5-24	3	東京	3	4歳未勝利	(馬齢)	12	740	4	12	240	4	1	580	7	1-8	7510	17																							13.2 - 12.0 - 12.1 - 12.2 - 12.4 - 12.4 - 12.3 - 13.0 - 13.2 - 12.6	13.2 - 25.2 - 37.3 - 49.5 - 61.9 - 74.3 - 86.6 - 99.6 - 112.8 - 125.4 (13.2-13.2)	8.0	1,370	9.0
198605030303	芝	左	1600	晴	稍重	10:50	4歳未勝利		1986-5-24	3	東京	3	4歳未勝利	(馬齢)	2	200	1	2	110	1	12	170	4	2-8	590	2																							12.8 - 11.3 - 11.6 - 11.9 - 12.3 - 13.3 - 12.7 - 12.4	12.8 - 24.1 - 35.7 - 47.6 - 59.9 - 73.2 - 85.9 - 98.3 (12.8-12.8)	5.0	130	2.0
198605030304	芝	左	1600	晴	稍重	11:15	4歳未勝利		1986-5-24	3	東京	3	4歳未勝利	(馬齢)	10	220	1	10	110	1	13	250	5	7-8	870	4																							12.7 - 11.3 - 11.6 - 12.1 - 12.4 - 13.1 - 12.2 - 13.1	12.7 - 24.0 - 35.6 - 47.7 - 60.1 - 73.2 - 85.4 - 98.5 (12.7-12.7)	8.0	150	2.0
198605030305	障		3100	晴	稍重  ダート	11:45	障害4歳以上未勝利		1986-5-24	3	東京	3	障害4歳以上未勝利	(馬齢)	3	240	1	3	110	1	4	170	3	3-4	650	2																									6.0	300	7.0
198605030306	芝	左	2000	晴	良	12:45	駒草賞 		1986-5-24	3	東京	3	4歳900万下	(混)(別定)	6	300	2	6	160	2	3	320	3	3-6	1260	7																							13.6 - 12.6 - 11.8 - 12.3 - 12.7 - 12.6 - 12.2 - 12.1 - 12.5 - 12.8	13.6 - 26.2 - 38.0 - 50.3 - 63.0 - 75.6 - 87.8 - 99.9 - 112.4 - 125.2 (13.6-13.6)			
198605030401	ダ	左	1700	曇	良	10:00	4歳未勝利		1986-5-25	3	東京	4	4歳未勝利	牝(馬齢)	4	220	1	4	110	1	8	120	2	4-7	210	1																							7.5 - 10.9 - 11.7 - 12.2 - 12.1 - 12.8 - 13.4 - 13.5 - 14.3	7.5 - 18.4 - 30.1 - 42.3 - 54.4 - 67.2 - 80.6 - 94.1 - 108.4 (7.5-7.5)	5.0	300	7.0
198605030402	ダ	左	1600	曇	良	10:25	4歳未勝利		1986-5-25	3	東京	4	4歳未勝利	(馬齢)	7	200	1	7	110	1	3	130	2	3-7	370	1																							13.3 - 11.1 - 11.8 - 12.2 - 12.5 - 12.9 - 13.2 - 13.1	13.3 - 24.4 - 36.2 - 48.4 - 60.9 - 73.8 - 87.0 - 100.1 (13.3-13.3)	4.0	180	5.0
198605030403	ダ	左	1400	晴	良	10:50	4歳未勝利		1986-5-25	3	東京	4	4歳未勝利	(父)(馬齢)	8	160	1	8	110	1	12	140	2	6-8	350	1																							12.8 - 11.2 - 11.7 - 12.2 - 12.4 - 13.0 - 13.3	12.8 - 24.0 - 35.7 - 47.9 - 60.3 - 73.3 - 86.6 (12.8-12.8)	2.0	460	7.0
198605030404	芝	左	2000	晴	良	11:15	4歳400万下		1986-5-25	3	東京	4	4歳400万下	(馬齢)	3	220	1	3	140	1	6	380	6	3-6	1460	7																							13.7 - 12.0 - 12.3 - 12.3 - 12.3 - 12.2 - 12.2 - 12.3 - 12.4 - 12.6	13.7 - 25.7 - 38.0 - 50.3 - 62.6 - 74.8 - 87.0 - 99.3 - 111.7 - 124.3 (13.7-13.7)			
198605030405	芝	左	1800	晴	良	11:45	4歳未勝利		1986-5-25	3	東京	4	4歳未勝利	(馬齢)	8	660	5	8	170	4	1	170	3	1-7	1520	8																							13.0 - 11.7 - 11.7 - 12.3 - 12.6 - 12.5 - 12.5 - 12.3 - 13.1	13.0 - 24.7 - 36.4 - 48.7 - 61.3 - 73.8 - 86.3 - 98.6 - 111.7 (13.0-13.0)	10.0	130	1.0
198605030406	芝	左	1600	晴	良	12:55	4歳400万下		1986-5-25	3	東京	4	4歳400万下	牝(馬齢)	10	260	1	10	120	1	8	130	2	6-7	380	1																							13.0 - 11.2 - 11.6 - 12.0 - 12.5 - 13.3 - 12.4 - 12.7	13.0 - 24.2 - 35.8 - 47.8 - 60.3 - 73.6 - 86.0 - 98.7 (13.0-13.0)	11.0	290	6.0
198605030407	芝	左	2000	晴	良	13:25	4歳以上900万下		1986-5-25	3	東京	4	4歳以上900万下	(馬齢)	3	640	4	3	170	4	5	150	3	3-5	1480	7																							13.7 - 12.2 - 12.4 - 12.0 - 12.5 - 12.3 - 12.4 - 12.7 - 11.8 - 12.3	13.7 - 25.9 - 38.3 - 50.3 - 62.8 - 75.1 - 87.5 - 100.2 - 112.0 - 124.3 (13.7-13.7)	4.0	120	1.0
198605030408	芝	左	1400	晴	良	14:05	日吉特別 		1986-5-25	3	東京	4	4歳以上900万下	(ハンデ)	1	860	4	1	270	4	8	240	3	1-7	1590	7																							12.8 - 11.5 - 11.7 - 11.9 - 12.0 - 11.7 - 12.1	12.8 - 24.3 - 36.0 - 47.9 - 59.9 - 71.6 - 83.7 (12.8-12.8)	5.0	340	6.0
198605030409	芝	左	1800	晴	良	14:45	むらさき賞 		1986-5-25	3	東京	4	4歳以上1400万下	(混)(ハンデ)	3	270	2	3	120	1	7	150	3	3-7	670	3																							12.9 - 11.5 - 12.2 - 12.3 - 12.2 - 12.2 - 12.5 - 12.0 - 12.7	12.9 - 24.4 - 36.6 - 48.9 - 61.1 - 73.3 - 85.8 - 97.8 - 110.5 (12.9-12.9)	1.0	250	5.0
198605030410	芝	左	2400	晴	良	15:35	東京優駿	G1	1986-5-25	3	東京	4	4歳オープン	牡・牝(定量)	6	660	3	6	300	4	4	1,170	14	2-3	2030	11																							13.4 - 11.1 - 12.1 - 12.5 - 13.4 - 12.8 - 12.5 - 12.3 - 12.3 - 12.3 - 11.8 - 12.4	13.4 - 24.5 - 36.6 - 49.1 - 62.5 - 75.3 - 87.8 - 100.1 - 112.4 - 124.7 - 136.5 - 148.9 (13.4-13.4)	1.0	380	5.0
198605030501	ダ	左	1700	晴	不良	10:00	4歳未勝利		1986-5-31	3	東京	5	4歳未勝利	(父)(馬齢)	2	540	4	2	190	3	6	130	1	2-6	620	3																							7.5 - 11.5 - 11.7 - 12.1 - 12.4 - 12.8 - 13.3 - 12.9 - 12.5	7.5 - 19.0 - 30.7 - 42.8 - 55.2 - 68.0 - 81.3 - 94.2 - 106.7 (7.5-7.5)			
198605030601	芝	左	1400	曇	重	10:00	4歳未勝利		1986-6-1	3	東京	6	4歳未勝利	(馬齢)	3	800	4	3	220	4	11	180	2	3-8	1480	7																							13.0 - 11.2 - 11.8 - 12.4 - 12.1 - 12.5 - 12.5	13.0 - 24.2 - 36.0 - 48.4 - 60.5 - 73.0 - 85.5 (13.0-13.0)	5.0	260	5.0
198605030602	ダ	左	1400	晴	稍重	10:25	4歳未勝利		1986-6-1	3	東京	6	4歳未勝利	(馬齢)	3	2770	8	3	320	7	7	130	2	3-5	250	1																							12.8 - 10.8 - 11.4 - 12.1 - 12.9 - 13.3 - 12.7	12.8 - 23.6 - 35.0 - 47.1 - 60.0 - 73.3 - 86.0 (12.8-12.8)	4.0	120	1.0
198605030603	芝	左	2000	晴	重	10:50	4歳未勝利		1986-6-1	3	東京	6	4歳未勝利	(馬齢)	12	1900	7	12	490	7	9	360	5	5-6	6470	19																							13.3 - 11.9 - 11.8 - 12.8 - 12.4 - 12.2 - 12.5 - 13.1 - 12.5 - 12.9	13.3 - 25.2 - 37.0 - 49.8 - 62.2 - 74.4 - 86.9 - 100.0 - 112.5 - 125.4 (13.3-13.3)	13.0	1,100	12.0
198605030604	芝	左	1400	晴	重	11:15	4歳未勝利		1986-6-1	3	東京	6	4歳未勝利	(馬齢)	11	200	1	11	120	1	10	240	6	7-7	1860	9																							12.8 - 10.9 - 11.2 - 11.8 - 12.4 - 13.0 - 13.4	12.8 - 23.7 - 34.9 - 46.7 - 59.1 - 72.1 - 85.5 (12.8-12.8)	3.0	130	2.0
198605030605	障		3100	晴	稍重  ダート	11:45	障害4歳以上未勝利		1986-6-1	3	東京	6	障害4歳以上未勝利	(馬齢)	7	420	2	7	200	2	5	480	6	5-7	2590	11																											
198605030606	芝	左	1400	晴	稍重	12:45	4歳400万下		1986-6-1	3	東京	6	4歳400万下	(父)(馬齢)	1	190	1	1	110	2	8	190	4	1-8	1180	3																							13.3 - 11.6 - 12.0 - 12.3 - 12.3 - 11.9 - 12.0	13.3 - 24.9 - 36.9 - 49.2 - 61.5 - 73.4 - 85.4 (13.3-13.3)	7.0	110	1.0
198605030607	ダ	左	1400	晴	良	13:20	4歳400万下		1986-6-1	3	東京	6	4歳400万下	(馬齢)	5	2560	6	5	390	6	2	180	3	2-5	8000	17																							12.7 - 11.3 - 11.4 - 11.9 - 12.4 - 12.9 - 12.7	12.7 - 24.0 - 35.4 - 47.3 - 59.7 - 72.6 - 85.3 (12.7-12.7)	6.0	160	2.0
198605030608	芝	左	2400	晴	良	13:55	ジューンステークス 		1986-6-1	3	東京	6	4歳以上オープン	(混)(別定)	2	190	1	2	130	2	3	150	3	2-3	350	2																							13.7 - 12.4 - 12.8 - 12.4 - 12.9 - 12.5 - 12.6 - 12.0 - 12.1 - 12.5 - 12.2 - 12.0	13.7 - 26.1 - 38.9 - 51.3 - 64.2 - 76.7 - 89.3 - 101.3 - 113.4 - 125.9 - 138.1 - 150.1 (13.7-13.7)			
198605030609	芝	左	1800	晴	良	14:30	4歳以上400万下		1986-6-1	3	東京	6	4歳以上400万下	(馬齢)	11	300	2	11	140	2	1	250	4	1-8	1580	7																							12.7 - 12.1 - 12.4 - 12.4 - 12.2 - 12.3 - 12.1 - 12.7 - 12.7	12.7 - 24.8 - 37.2 - 49.6 - 61.8 - 74.1 - 86.2 - 98.9 - 111.6 (12.7-12.7)	5.0	510	8.0
198605030610	芝	左	1800	晴	良	15:05	若鮎賞 		1986-6-1	3	東京	6	4歳900万下	(別定)	7	400	3	7	190	3	3	180	2	3-7	650	3																							13.1 - 11.6 - 11.9 - 12.1 - 12.3 - 12.1 - 12.3 - 12.7 - 13.6	13.1 - 24.7 - 36.6 - 48.7 - 61.0 - 73.1 - 85.4 - 98.1 - 111.7 (13.1-13.1)			
198605030611	ダ	左	1600	晴	良	15:45	石和特別 		1986-6-1	3	東京	6	4歳以上900万下	(ハンデ)	2	920	5	2	300	6	4	730	10	2-4	2410	13																							12.9 - 11.2 - 11.7 - 11.8 - 12.2 - 12.4 - 13.0 - 12.8	12.9 - 24.1 - 35.8 - 47.6 - 59.8 - 72.2 - 85.2 - 98.0 (12.9-12.9)	5.0	240	3.0
198605030612	芝	左	1800	晴	良	16:20	4歳以上900万下		1986-6-1	3	東京	6	4歳以上900万下	(馬齢)	11	190	1	11	110	1	8	210	5	7-8	530	2																							13.0 - 11.7 - 11.6 - 11.7 - 11.8 - 12.1 - 12.4 - 13.2 - 13.8	13.0 - 24.7 - 36.3 - 48.0 - 59.8 - 71.9 - 84.3 - 97.5 - 111.3 (13.0-13.0)	7.0	130	2.0
198605030801	ダ	左	1600	晴	良	10:00	4歳未勝利		1986-6-8	3	東京	8	4歳未勝利	(父)(馬齢)	6	360	2	6	140	1	3	680	9	3-6	7720	14																							13.3 - 11.4 - 12.1 - 12.1 - 12.6 - 12.6 - 12.7 - 13.0	13.3 - 24.7 - 36.8 - 48.9 - 61.5 - 74.1 - 86.8 - 99.8 (13.3-13.3)	7.0	190	4.0
198605030802	ダ	左	1200	晴	良	10:25	4歳未勝利		1986-6-8	3	東京	8	4歳未勝利	(馬齢)	5	220	1	5	130	1	11	180	3	5-8	510	1																							13.0 - 11.3 - 12.1 - 12.3 - 12.6 - 12.4	13.0 - 24.3 - 36.4 - 48.7 - 61.3 - 73.7 (13.0-13.0)	6.0	450	9.0
198605030803	芝	左	1800	晴	稍重	10:50	4歳未勝利		1986-6-8	3	東京	8	4歳未勝利	(馬齢)	7	310	1	7	140	1	2	190	4	2-7	960	4																							12.7 - 11.7 - 11.9 - 11.9 - 12.4 - 12.7 - 12.5 - 12.7 - 13.4	12.7 - 24.4 - 36.3 - 48.2 - 60.6 - 73.3 - 85.8 - 98.5 - 111.9 (12.7-12.7)	1.0	430	7.0
198605030804	ダ	左	1200	晴	良	11:15	4歳未勝利		1986-6-8	3	東京	8	4歳未勝利	(馬齢)	10	610	5	10	230	5	3	180	3	3-8	1120	5																							13.0 - 10.9 - 11.7 - 12.5 - 12.6 - 13.0	13.0 - 23.9 - 35.6 - 48.1 - 60.7 - 73.7 (13.0-13.0)	1.0	260	7.0
198605030805	障		3300	晴	稍重  ダート	11:45	障害4歳以上400万下		1986-6-8	3	東京	8	障害4歳以上400万下	(混)(馬齢)	9	420	2	9	140	2	8	150	4	8-8	1030	4																									7.0	110	1.0
198605030806	芝	左	1800	晴	良	12:45	4歳400万下		1986-6-8	3	東京	8	4歳400万下	牝(馬齢)	6	120	1	6	110	1	1	240	3	1-6	560	2																							13.3 - 12.4 - 13.1 - 12.6 - 12.3 - 12.5 - 12.4 - 12.0 - 12.4	13.3 - 25.7 - 38.8 - 51.4 - 63.7 - 76.2 - 88.6 - 100.6 - 113.0 (13.3-13.3)			
198605030807	芝	左	1400	晴	良	13:20	4歳未勝利		1986-6-8	3	東京	8	4歳未勝利	(馬齢)	13	390	2	13	140	2	2	130	1	2-7	480	1																							13.3 - 11.0 - 11.7 - 12.2 - 12.9 - 12.3 - 12.6	13.3 - 24.3 - 36.0 - 48.2 - 61.1 - 73.4 - 86.0 (13.3-13.3)	10.0	410	9.0
198605030808	芝	左	1600	晴	良	13:55	エーデルワイスS 		1986-6-8	3	東京	8	4歳900万下	(混)(ハンデ)	1	300	2	1	190	2	3	500	6	1-3	2380	9																							13.2 - 11.2 - 11.5 - 11.7 - 12.2 - 12.2 - 12.3 - 13.4	13.2 - 24.4 - 35.9 - 47.6 - 59.8 - 72.0 - 84.3 - 97.7 (13.2-13.2)			
198605030809	芝	左	1600	曇	良	14:30	4歳400万下		1986-6-8	3	東京	8	4歳400万下	(馬齢)	2	260	1	2	130	1	6	150	2	2-6	610	1																							13.1 - 11.3 - 11.6 - 11.8 - 12.4 - 12.5 - 12.8 - 13.1	13.1 - 24.4 - 36.0 - 47.8 - 60.2 - 72.7 - 85.5 - 98.6 (13.1-13.1)	7.0	270	7.0
198605030810	芝	左	2000	曇	良	15:05	麦秋特別 		1986-6-8	3	東京	8	4歳以上900万下	(別定)	10	240	1	10	130	1	3	230	3	3-7	840	3																							13.5 - 11.5 - 11.9 - 12.3 - 12.6 - 12.0 - 12.5 - 12.7 - 12.0 - 12.9	13.5 - 25.0 - 36.9 - 49.2 - 61.8 - 73.8 - 86.3 - 99.0 - 111.0 - 123.9 (13.5-13.5)	9.0	250	4.0
198605030811	芝	左	1800	曇	良	15:45	エプソムカップ	G3	1986-6-8	3	東京	8	4歳以上オープン	(ハンデ)	4	450	2	4	160	2	11	150	1	4-8	600	2																							12.8 - 11.5 - 11.6 - 11.9 - 12.1 - 12.4 - 12.7 - 12.3 - 12.8	12.8 - 24.3 - 35.9 - 47.8 - 59.9 - 72.3 - 85.0 - 97.3 - 110.1 (12.8-12.8)	7.0	260	5.0
198605040101	ダ	左	1200	晴	良	10:20	3歳未勝利		1986-10-4	4	東京	1	3歳未勝利	(抽)関東配布馬(馬齢)	1	600	2	1	240	2	3	330	4	1-3	2320	7																							12.9 - 11.4 - 11.9 - 12.5 - 13.0 - 12.5	12.9 - 24.3 - 36.2 - 48.7 - 61.7 - 74.2 (12.9-12.9)			
198605040102	ダ	左	1200	晴	良	10:45	3歳新馬		1986-10-4	4	東京	1	3歳新馬	(馬齢)	7	630	4	7	260	4	2	160	2	2-7	1080	5																							12.5 - 10.9 - 11.9 - 12.7 - 12.3 - 12.6	12.5 - 23.4 - 35.3 - 48.0 - 60.3 - 72.9 (12.5-12.5)			
198605040103	芝	左	1400	晴	良	11:15	3歳新馬		1986-10-4	4	東京	1	3歳新馬	牝(馬齢)	2	300	1	2	150	3	5	590	8	2-5	8670	19																							12.3 - 10.9 - 11.1 - 12.3 - 12.7 - 12.5 - 12.9	12.3 - 23.2 - 34.3 - 46.6 - 59.3 - 71.8 - 84.7 (12.3-12.3)	3.0	150	2.0
198605040104	障		3100	晴	良  ダート	11:45	障害4歳以上未勝利		1986-10-4	4	東京	1	障害4歳以上未勝利	(馬齢)	10	590	3	10	220	3	12	280	5	7-8	2010	11																									7.0	370	7.0
198605040105	ダ	左	1600	晴	良	12:45	4歳以上400万下		1986-10-4	4	東京	1	4歳以上400万下	牝(馬齢)	4	1370	7	4	310	7	5	120	1	4-5	1480	5																							12.7 - 11.0 - 11.6 - 11.9 - 12.5 - 12.9 - 13.5 - 13.0	12.7 - 23.7 - 35.3 - 47.2 - 59.7 - 72.6 - 86.1 - 99.1 (12.7-12.7)	1.0	250	5.0
198605040106	芝	左	2400	晴	良	13:20	オクトーバーハンデ 		1986-10-4	4	東京	1	4歳以上1400万下	(混)(ハンデ)	5	170	1	5	110	1	1	160	2	1-5	350	1																							13.6 - 11.9 - 13.4 - 13.0 - 13.7 - 13.2 - 12.9 - 12.6 - 12.2 - 11.6 - 11.5 - 11.4	13.6 - 25.5 - 38.9 - 51.9 - 65.6 - 78.8 - 91.7 - 104.3 - 116.5 - 128.1 - 139.6 - 151.0 (13.6-13.6)			
198605040107	ダ	左	1400	晴	良	13:55	4歳以上400万下		1986-10-4	4	東京	1	4歳以上400万下	(馬齢)	9	210	1	9	130	2	1	340	6	1-8	1990	9																							12.8 - 11.7 - 11.8 - 12.5 - 12.4 - 13.0 - 12.7	12.8 - 24.5 - 36.3 - 48.8 - 61.2 - 74.2 - 86.9 (12.8-12.8)	2.0	190	3.0
198605040108	芝	左	1800	晴	良	14:30	4歳以上400万下		1986-10-4	4	東京	1	4歳以上400万下	(馬齢)	7	170	1	7	110	1	3	160	4	3-7	570	3																							12.3 - 11.9 - 12.0 - 12.5 - 12.2 - 12.2 - 11.7 - 11.9 - 11.8	12.3 - 24.2 - 36.2 - 48.7 - 60.9 - 73.1 - 84.8 - 96.7 - 108.5 (12.3-12.3)	2.0	140	2.0
198605040109	芝	左	1600	晴	良	15:05	りんどう賞 		1986-10-4	4	東京	1	3歳400万下	(混)(馬齢)	4	160	1	4	110	1	2	150	2	2-4	480	1																							12.5 - 10.9 - 11.8 - 11.9 - 12.5 - 12.6 - 11.8 - 11.5	12.5 - 23.4 - 35.2 - 47.1 - 59.6 - 72.2 - 84.0 - 95.5 (12.5-12.5)	10.0	160	4.0
198605040110	芝	左	1800	晴	良	15:45	六社特別 		1986-10-4	4	東京	1	4歳以上900万下	(父)(馬齢)	6	350	2	6	140	2	4	210	3	4-6	1110	5																							12.3 - 11.2 - 11.6 - 12.4 - 11.9 - 12.1 - 12.1 - 11.9 - 12.0	12.3 - 23.5 - 35.1 - 47.5 - 59.4 - 71.5 - 83.6 - 95.5 - 107.5 (12.3-12.3)	7.0	220	4.0
198605040111	芝	左	1600	晴	良	16:20	4歳以上900万下		1986-10-4	4	東京	1	4歳以上900万下	(馬齢)	3	230	1	3	120	1	8	150	3	3-8	550	2																							12.5 - 11.4 - 12.0 - 12.0 - 12.2 - 11.9 - 11.6 - 11.7	12.5 - 23.9 - 35.9 - 47.9 - 60.1 - 72.0 - 83.6 - 95.3 (12.5-12.5)	7.0	180	4.0
198605040201	芝	左	1400	晴	良	10:20	3歳未勝利		1986-10-5	4	東京	2	3歳未勝利	(馬齢)	5	630	4	5	330	5	1	200	3	1-5	1230	8																							12.8 - 11.2 - 11.7 - 12.3 - 12.0 - 12.8 - 12.5	12.8 - 24.0 - 35.7 - 48.0 - 60.0 - 72.8 - 85.3 (12.8-12.8)			
198605040202	芝	左	1600	晴	良	10:45	3歳新馬		1986-10-5	4	東京	2	3歳新馬	(混)(馬齢)	9	570	2	9	170	2	5	130	1	5-7	410	1																							12.8 - 11.1 - 12.1 - 12.7 - 12.8 - 12.2 - 12.4 - 12.0	12.8 - 23.9 - 36.0 - 48.7 - 61.5 - 73.7 - 86.1 - 98.1 (12.8-12.8)	2.0	320	8.0
198605040203	芝	左	1400	晴	良	11:15	3歳新馬		1986-10-5	4	東京	2	3歳新馬	(馬齢)	12	670	2	12	210	2	3	570	10	3-8	5460	17																							12.9 - 11.3 - 11.9 - 12.3 - 12.3 - 11.9 - 12.0	12.9 - 24.2 - 36.1 - 48.4 - 60.7 - 72.6 - 84.6 (12.9-12.9)	10.0	290	4.0
198605040204	障		3100	晴	良  ダート	11:45	障害4歳以上400万下		1986-10-5	4	東京	2	障害4歳以上400万下	(馬齢)	4	400	3	4	170	3	1	170	2	1-4	920	5																									8.0	230	5.0
198605040205	芝	左	1800	晴	良	12:45	4歳以上900万下		1986-10-5	4	東京	2	4歳以上900万下	(馬齢)	4	160	1	4	120	1	5	220	4	4-5	500	3																							12.5 - 12.2 - 11.6 - 11.6 - 12.0 - 12.2 - 12.0 - 11.6 - 11.8	12.5 - 24.7 - 36.3 - 47.9 - 59.9 - 72.1 - 84.1 - 95.7 - 107.5 (12.5-12.5)			
198605040206	ダ	左	1700	晴	良	13:20	4歳以上400万下		1986-10-5	4	東京	2	4歳以上400万下	(馬齢)	3	3990	8	3	530	8	5	380	5	3-5	26310	28																							7.2 - 11.7 - 11.7 - 12.0 - 12.0 - 12.6 - 12.5 - 13.4 - 13.3	7.2 - 18.9 - 30.6 - 42.6 - 54.6 - 67.2 - 79.7 - 93.1 - 106.4 (7.2-7.2)	4.0	170	2.0
198605040207	芝	左	2200	晴	良	13:55	4歳以上900万下		1986-10-5	4	東京	2	4歳以上900万下	(馬齢)	4	340	1	4	190	2	6	220	3	4-6	990	5																							13.1 - 12.0 - 11.8 - 12.9 - 12.5 - 12.5 - 12.5 - 12.6 - 11.9 - 11.5 - 11.6	13.1 - 25.1 - 36.9 - 49.8 - 62.3 - 74.8 - 87.3 - 99.9 - 111.8 - 123.3 - 134.9 (13.1-13.1)			
198605040208	芝	左	1600	晴	良	14:30	山中湖特別 		1986-10-5	4	東京	2	4歳以上400万下	(馬齢)	10	920	6	10	270	6	5	140	1	5-8	1000	5																							12.9 - 11.6 - 12.0 - 12.0 - 12.1 - 12.1 - 11.8 - 11.6	12.9 - 24.5 - 36.5 - 48.5 - 60.6 - 72.7 - 84.5 - 96.1 (12.9-12.9)	3.0	170	3.0
198605040209	ダ	左	1400	晴	良	15:05	錦秋特別 		1986-10-5	4	東京	2	4歳以上900万下	(ハンデ)	9	630	4	9	180	4	5	130	1	5-7	480	1																							12.6 - 11.0 - 11.5 - 12.0 - 12.4 - 12.7 - 12.4	12.6 - 23.6 - 35.1 - 47.1 - 59.5 - 72.2 - 84.6 (12.6-12.6)	11.0	180	3.0
198605040210	芝	左	1800	晴	良	15:45	毎日王冠	G2	1986-10-5	4	東京	2	4歳以上オープン	(別定)	6	450	4	6	140	4	7	140	3	6-7	790	5																							12.6 - 11.7 - 11.4 - 11.7 - 11.9 - 11.7 - 11.6 - 11.7 - 11.7	12.6 - 24.3 - 35.7 - 47.4 - 59.3 - 71.0 - 82.6 - 94.3 - 106.0 (12.6-12.6)	1.0	120	1.0
198605040301	芝	左	1600	雨	良	10:00	3歳未勝利		1986-10-11	4	東京	3	3歳未勝利	(馬齢)	5	250	2	5	170	2	3	310	4	3-5	1210	5																							12.4 - 10.8 - 11.4 - 11.9 - 12.5 - 12.9 - 13.2 - 13.1	12.4 - 23.2 - 34.6 - 46.5 - 59.0 - 71.9 - 85.1 - 98.2 (12.4-12.4)			
198605040302	芝	左	1400	雨	良	10:25	3歳未勝利		1986-10-11	4	東京	3	3歳未勝利	(混)(馬齢)	1	130	1	1	100	1	2	120	2	1-2	180	1																							12.6 - 11.6 - 12.0 - 12.2 - 12.4 - 11.8 - 11.9	12.6 - 24.2 - 36.2 - 48.4 - 60.8 - 72.6 - 84.5 (12.6-12.6)			
198605040303	芝	左	1600	雨	良	10:50	3歳新馬		1986-10-11	4	東京	3	3歳新馬	(馬齢)	2	160	1	2	120	1	3	210	5	2-3	880	4																							12.7 - 11.2 - 11.8 - 12.2 - 12.3 - 12.1 - 12.5 - 12.1	12.7 - 23.9 - 35.7 - 47.9 - 60.2 - 72.3 - 84.8 - 96.9 (12.7-12.7)	9.0	170	3.0
198605040304	ダ	左	1700	雨	稍重	11:15	4歳以上400万下		1986-10-11	4	東京	3	4歳以上400万下	牝(馬齢)	8	870	4	8	150	4	10	110	1	7-8	470	3																							7.0 - 10.9 - 11.1 - 11.5 - 12.3 - 12.5 - 12.5 - 12.8 - 13.1	7.0 - 17.9 - 29.0 - 40.5 - 52.8 - 65.3 - 77.8 - 90.6 - 103.7 (7.0-7.0)	9.0	140	2.0
198605040305	ダ	左	1600	雨	稍重	11:45	4歳以上400万下		1986-10-11	4	東京	3	4歳以上400万下	(馬齢)	2	660	4	2	210	3	3	160	2	2-3	1250	6																							12.6 - 12.0 - 12.2 - 11.8 - 12.1 - 12.4 - 12.6 - 12.0	12.6 - 24.6 - 36.8 - 48.6 - 60.7 - 73.1 - 85.7 - 97.7 (12.6-12.6)	1.0	310	7.0
198605040306	芝	左	1800	雨	稍重	12:45	4歳以上400万下		1986-10-11	4	東京	3	4歳以上400万下	(馬齢)	1	400	3	1	130	3	5	120	2	1-5	870	3																							12.5 - 12.0 - 11.6 - 11.7 - 12.0 - 12.6 - 12.3 - 12.6 - 12.5	12.5 - 24.5 - 36.1 - 47.8 - 59.8 - 72.4 - 84.7 - 97.3 - 109.8 (12.5-12.5)	2.0	120	1.0
198605040307	芝	左	1800	雨	稍重	13:15	4歳以上400万下		1986-10-11	4	東京	3	4歳以上400万下	(馬齢)	1	1180	6	1	290	4	8	290	5	1-8	1940	9																							12.6 - 12.5 - 12.3 - 12.7 - 12.5 - 12.1 - 12.0 - 12.4 - 12.0	12.6 - 25.1 - 37.4 - 50.1 - 62.6 - 74.7 - 86.7 - 99.1 - 111.1 (12.6-12.6)	3.0	180	2.0
198605040308	芝	左	1600	小雨	重	13:50	4歳以上900万下		1986-10-11	4	東京	3	4歳以上900万下	(馬齢)	6	200	1	6	120	1	4	310	7	4-6	1710	7																							12.4 - 10.9 - 11.4 - 11.7 - 12.1 - 12.0 - 12.8 - 12.8	12.4 - 23.3 - 34.7 - 46.4 - 58.5 - 70.5 - 83.3 - 96.1 (12.4-12.4)	3.0	150	2.0
198605040309	芝	左	1600	小雨	重	14:30	エジンバラ公記念 		1986-10-11	4	東京	3	4歳以上1400万下	(混)(馬齢)	4	380	2	4	140	3	9	140	2	3-5	880	3																							12.4 - 11.1 - 11.5 - 11.8 - 12.1 - 11.9 - 12.1 - 12.1	12.4 - 23.5 - 35.0 - 46.8 - 58.9 - 70.8 - 82.9 - 95.0 (12.4-12.4)	11.0	130	1.0
198605040401	ダ	左	1400	晴	不良	10:00	3歳未勝利		1986-10-12	4	東京	4	3歳未勝利	(馬齢)	1	160	1	1	130	1	4	280	4	1-4	690	4																							12.4 - 11.1 - 11.9 - 12.5 - 12.5 - 13.0 - 12.8	12.4 - 23.5 - 35.4 - 47.9 - 60.4 - 73.4 - 86.2 (12.4-12.4)			
198605040402	芝	左	1400	晴	重	10:25	3歳新馬		1986-10-12	4	東京	4	3歳新馬	(馬齢)	2	150	1	2	120	1	3	280	6	2-3	1150	4																							12.4 - 11.4 - 11.9 - 12.2 - 12.1 - 12.6 - 12.4	12.4 - 23.8 - 35.7 - 47.9 - 60.0 - 72.6 - 85.0 (12.4-12.4)	7.0	270	5.0
198605040403	ダ	左	1400	晴	不良	10:50	4歳以上400万下		1986-10-12	4	東京	4	4歳以上400万下	(父)(馬齢)	8	2740	9	8	800	10	2	180	2	2-7	1520	7																							12.5 - 10.8 - 11.3 - 11.9 - 12.4 - 12.8 - 13.5	12.5 - 23.3 - 34.6 - 46.5 - 58.9 - 71.7 - 85.2 (12.5-12.5)	4.0	240	5.0
198605040404	芝	左	1400	晴	重	11:15	4歳以上400万下		1986-10-12	4	東京	4	4歳以上400万下	(馬齢)	8	990	4	8	210	4	4	130	2	4-8	1500	6																							12.4 - 11.1 - 11.5 - 11.9 - 11.9 - 12.5 - 12.3	12.4 - 23.5 - 35.0 - 46.9 - 58.8 - 71.3 - 83.6 (12.4-12.4)	6.0	120	1.0
198605040405	障		3100	晴	重  ダート	11:45	障害4歳以上未勝利		1986-10-12	4	東京	4	障害4歳以上未勝利	(混)(馬齢)	10	450	2	10	150	2	9	250	5	8-8	1750	6																									2.0	210	4.0
198605040406	ダ	左	1700	晴	重	12:45	4歳以上400万下		1986-10-12	4	東京	4	4歳以上400万下	(馬齢)	3	160	1	3	110	1	6	230	5	3-6	990	4																							7.1 - 11.6 - 12.0 - 12.1 - 12.0 - 12.3 - 12.5 - 12.5 - 12.3	7.1 - 18.7 - 30.7 - 42.8 - 54.8 - 67.1 - 79.6 - 92.1 - 104.4 (7.1-7.1)	8.0	150	3.0
198605040407	ダ	左	1400	曇	重	13:20	4歳以上400万下		1986-10-12	4	東京	4	4歳以上400万下	(馬齢)	6	630	4	6	170	2	5	180	3	5-6	1120	5																							12.4 - 10.9 - 11.4 - 12.1 - 12.3 - 13.1 - 12.6	12.4 - 23.3 - 34.7 - 46.8 - 59.1 - 72.2 - 84.8 (12.4-12.4)	7.0	780	8.0
198605040408	芝	左	1400	曇	稍重	13:55	4歳以上400万下		1986-10-12	4	東京	4	4歳以上400万下	(馬齢)	3	220	1	3	130	1	7	140	2	3-7	690	2																							12.7 - 11.2 - 11.3 - 11.9 - 12.1 - 12.3 - 11.6	12.7 - 23.9 - 35.2 - 47.1 - 59.2 - 71.5 - 83.1 (12.7-12.7)	1.0	150	4.0
198605040409	芝	左	1400	曇	稍重	14:30	アイビーステークス 		1986-10-12	4	東京	4	3歳オープン	(混)(別定)	5	230	1	5	150	1	4	520	6	4-5	1750	6																							12.8 - 11.2 - 11.8 - 12.1 - 12.2 - 11.8 - 11.7	12.8 - 24.0 - 35.8 - 47.9 - 60.1 - 71.9 - 83.6 (12.8-12.8)			
198605040410	芝	左	2400	曇	稍重	15:05	南武特別 		1986-10-12	4	東京	4	4歳以上900万下	(混)(別定)	5	240	1	5	110	1	3	130	3	3-5	660	2																							13.4 - 11.4 - 12.8 - 12.1 - 12.8 - 12.6 - 12.8 - 12.3 - 12.0 - 11.7 - 12.3 - 12.0	13.4 - 24.8 - 37.6 - 49.7 - 62.5 - 75.1 - 87.9 - 100.2 - 112.2 - 123.9 - 136.2 - 148.2 (13.4-13.4)	1.0	110	2.0
198605040411	芝	左	1600	曇	稍重	15:45	牝馬東京タイムズ杯	G3	1986-10-12	4	東京	4	4歳以上オープン	牝(別定)	6	930	5	6	240	6	4	130	1	4-6	1510	6																							12.6 - 11.7 - 12.1 - 12.0 - 11.8 - 11.8 - 11.5 - 11.8	12.6 - 24.3 - 36.4 - 48.4 - 60.2 - 72.0 - 83.5 - 95.3 (12.6-12.6)	5.0	130	2.0
198605040501	芝	左	1400	晴	良	10:20	3歳未勝利		1986-10-18	4	東京	5	3歳未勝利	(抽)関東配布馬(馬齢)	4	1480	5	4	250	6	1	110	1	1-4	1470	6																							13.1 - 11.6 - 11.6 - 12.0 - 12.4 - 12.8 - 12.2	13.1 - 24.7 - 36.3 - 48.3 - 60.7 - 73.5 - 85.7 (13.1-13.1)	6.0	140	2.0
198605040502	芝	左	1600	晴	良	10:45	3歳新馬		1986-10-18	4	東京	5	3歳新馬	(馬齢)	3	150	1	3	100	1	4	120	2	3-4	280	1																							12.6 - 11.4 - 11.7 - 12.0 - 12.4 - 12.5 - 12.3 - 12.4	12.6 - 24.0 - 35.7 - 47.7 - 60.1 - 72.6 - 84.9 - 97.3 (12.6-12.6)	6.0	140	3.0
198605040503	ダ	左	1600	晴	良	11:15	4歳以上400万下		1986-10-18	4	東京	5	4歳以上400万下	(馬齢)	3	280	2	3	130	2	4	130	1	3-4	400	3																							12.8 - 11.5 - 12.0 - 12.1 - 12.9 - 12.8 - 13.5 - 13.2	12.8 - 24.3 - 36.3 - 48.4 - 61.3 - 74.1 - 87.6 - 100.8 (12.8-12.8)			
198605040504	障		3100	晴	良  ダート	11:45	障害4歳以上未勝利		1986-10-18	4	東京	5	障害4歳以上未勝利	(馬齢)	13	290	1	13	160	2	9	260	6	6-8	570	1																									1.0	220	5.0
198605040505	ダ	左	1200	晴	良	12:45	4歳以上900万下		1986-10-18	4	東京	5	4歳以上900万下	(馬齢)	1	300	1	1	160	2	5	190	3	1-5	600	2																							12.5 - 11.0 - 11.5 - 12.2 - 12.4 - 12.7	12.5 - 23.5 - 35.0 - 47.2 - 59.6 - 72.3 (12.5-12.5)			
198605040506	ダ	左	1700	晴	良	13:20	4歳以上400万下		1986-10-18	4	東京	5	4歳以上400万下	(馬齢)	7	1740	8	7	400	8	8	160	2	7-8	3430	17																							7.0 - 10.8 - 11.3 - 12.4 - 12.5 - 13.0 - 13.1 - 13.1 - 13.2	7.0 - 17.8 - 29.1 - 41.5 - 54.0 - 67.0 - 80.1 - 93.2 - 106.4 (7.0-7.0)	3.0	160	3.0
198605040507	ダ	左	1400	晴	良	13:55	4歳以上400万下		1986-10-18	4	東京	5	4歳以上400万下	(馬齢)	10	470	2	10	150	2	2	180	4	2-8	980	3																							12.6 - 11.5 - 12.3 - 12.3 - 12.1 - 13.0 - 12.7	12.6 - 24.1 - 36.4 - 48.7 - 60.8 - 73.8 - 86.5 (12.6-12.6)	4.0	140	1.0
198605040508	芝	左	1400	晴	良	14:30	サフラン賞 		1986-10-18	4	東京	5	3歳400万下	(混)	7	850	4	7	210	4	9	120	1	7-8	420	1																							12.4 - 11.3 - 11.8 - 11.9 - 12.4 - 12.1 - 11.8	12.4 - 23.7 - 35.5 - 47.4 - 59.8 - 71.9 - 83.7 (12.4-12.4)	6.0	410	9.0
198605040509	芝	左	2200	晴	良	15:05	河口湖特別 		1986-10-18	4	東京	5	4歳以上400万下	(混)(別定)	7	190	1	7	120	1	6	150	2	5-6	400	1																							12.7 - 12.6 - 12.3 - 13.0 - 12.8 - 12.9 - 12.3 - 11.9 - 11.9 - 12.0 - 11.5	12.7 - 25.3 - 37.6 - 50.6 - 63.4 - 76.3 - 88.6 - 100.5 - 112.4 - 124.4 - 135.9 (12.7-12.7)	8.0	540	10.0
198605040601	ダ	左	1200	晴	良	10:00	3歳未勝利		1986-10-19	4	東京	6	3歳未勝利	(馬齢)	3	760	5	3	340	4	1	260	3	1-3	1670	8																							12.7 - 11.4 - 12.4 - 13.0 - 12.7 - 12.8	12.7 - 24.1 - 36.5 - 49.5 - 62.2 - 75.0 (12.7-12.7)			
198605040602	芝	左	1400	晴	良	10:25	3歳未勝利		1986-10-19	4	東京	6	3歳未勝利	(馬齢)	6	350	2	6	120	2	9	110	1	6-8	350	1																							12.5 - 11.6 - 12.0 - 12.4 - 12.2 - 12.0 - 12.1	12.5 - 24.1 - 36.1 - 48.5 - 60.7 - 72.7 - 84.8 (12.5-12.5)	4.0	140	3.0
198605040603	芝	左	1400	晴	良	10:50	3歳新馬		1986-10-19	4	東京	6	3歳新馬	(混)(馬齢)	5	290	2	5	120	1	6	190	5	5-6	1070	6																							12.6 - 11.1 - 11.7 - 12.1 - 12.3 - 12.7 - 12.8	12.6 - 23.7 - 35.4 - 47.5 - 59.8 - 72.5 - 85.3 (12.6-12.6)	3.0	170	4.0
198605040701	ダ	左	1200	晴	良	10:20	3歳未勝利		1986-10-25	4	東京	7	3歳未勝利	牝(馬齢)	5	540	2	5	160	2	6	110	1	5-6	260	1																							13.0 - 11.4 - 12.2 - 12.1 - 13.4 - 13.1	13.0 - 24.4 - 36.6 - 48.7 - 62.1 - 75.2 (13.0-13.0)			
198605040702	ダ	左	1400	晴	良	10:45	3歳未勝利		1986-10-25	4	東京	7	3歳未勝利	(馬齢)	6	280	2	6	130	1	8	300	6	6-8	750	4																							13.0 - 11.5 - 11.9 - 12.6 - 12.9 - 13.4 - 13.2	13.0 - 24.5 - 36.4 - 49.0 - 61.9 - 75.3 - 88.5 (13.0-13.0)	2.0	170	3.0
198605040703	芝	左	1600	晴	良	11:15	3歳新馬		1986-10-25	4	東京	7	3歳新馬	(馬齢)	1	130	1	1	110	1	6	180	3	1-6	360	2																							12.6 - 11.0 - 11.6 - 12.0 - 12.2 - 12.2 - 12.8 - 12.5	12.6 - 23.6 - 35.2 - 47.2 - 59.4 - 71.6 - 84.4 - 96.9 (12.6-12.6)			
198605040704	障		3100	晴	良  ダート	11:45	障害4歳以上未勝利		1986-10-25	4	東京	7	障害4歳以上未勝利	(馬齢)	9	250	1	9	140	2	1	180	3	1-8	650	2																									7.0	360	6.0
198605040705	ダ	左	1600	晴	良	12:45	4歳以上400万下		1986-10-25	4	東京	7	4歳以上400万下	牝(馬齢)	7	150	1	7	110	1	6	330	6	6-7	1710	5																							12.5 - 11.4 - 11.4 - 11.8 - 12.7 - 13.1 - 13.2 - 13.0	12.5 - 23.9 - 35.3 - 47.1 - 59.8 - 72.9 - 86.1 - 99.1 (12.5-12.5)	1.0	270	4.0
198605040706	ダ	左	1700	晴	良	13:20	4歳以上400万下		1986-10-25	4	東京	7	4歳以上400万下	(馬齢)	3	200	1	3	120	1	5	350	6	3-5	890	4																							7.0 - 11.0 - 11.8 - 12.4 - 12.5 - 12.7 - 13.2 - 12.9 - 12.8	7.0 - 18.0 - 29.8 - 42.2 - 54.7 - 67.4 - 80.6 - 93.5 - 106.3 (7.0-7.0)	9.0	590	10.0
198605040707	ダ	左	1400	晴	良	13:55	4歳以上400万下		1986-10-25	4	東京	7	4歳以上400万下	(馬齢)	8	610	4	8	220	4	1	120	1	1-7	330	1																							12.6 - 11.1 - 11.5 - 12.4 - 12.6 - 13.3 - 12.9	12.6 - 23.7 - 35.2 - 47.6 - 60.2 - 73.5 - 86.4 (12.6-12.6)	6.0	230	6.0
198605040708	芝	左	1600	晴	良	14:30	いちょう特別 		1986-10-25	4	東京	7	3歳オープン	(混)(別定)	7	130	1	7	110	1	1	600	6	1-7	1490	5																							12.5 - 11.3 - 12.3 - 12.5 - 12.1 - 12.1 - 11.7 - 11.6	12.5 - 23.8 - 36.1 - 48.6 - 60.7 - 72.8 - 84.5 - 96.1 (12.5-12.5)			
198605040709	芝	左	2000	晴	良	15:05	赤富士賞 		1986-10-25	4	東京	7	4歳以上900万下	(別定)	3	280	2	3	120	2	1	120	1	1-3	360	1																							13.4 - 12.2 - 11.5 - 12.3 - 12.1 - 12.0 - 11.8 - 11.7 - 12.1 - 11.6	13.4 - 25.6 - 37.1 - 49.4 - 61.5 - 73.5 - 85.3 - 97.0 - 109.1 - 120.7 (13.4-13.4)	5.0	250	5.0
198605040710	芝	左	1800	晴	良	15:45	府中ステークス 		1986-10-25	4	東京	7	4歳以上1400万下	(混)(別定)	7	820	3	7	190	3	8	110	1	6-7	410	2																							12.3 - 11.4 - 11.8 - 11.9 - 12.0 - 11.9 - 11.8 - 11.9 - 11.8	12.3 - 23.7 - 35.5 - 47.4 - 59.4 - 71.3 - 83.1 - 95.0 - 106.8 (12.3-12.3)	2.0	520	10.0
198605040801	芝	左	1600	晴	良	10:00	3歳未勝利		1986-10-26	4	東京	8	3歳未勝利	(混)(馬齢)	1	170	1	1	130	1	3	280	4	1-3	860	4																							12.7 - 11.8 - 12.8 - 12.2 - 12.6 - 12.5 - 12.1 - 11.5	12.7 - 24.5 - 37.3 - 49.5 - 62.1 - 74.6 - 86.7 - 98.2 (12.7-12.7)			
198605040802	ダ	左	1200	晴	良	10:25	3歳新馬		1986-10-26	4	東京	8	3歳新馬	(馬齢)	5	350	2	5	140	2	6	110	1	5-6	300	1																							12.5 - 11.0 - 11.8 - 12.3 - 13.7 - 13.3	12.5 - 23.5 - 35.3 - 47.6 - 61.3 - 74.6 (12.5-12.5)			
198605040803	芝	左	1400	晴	良	10:50	3歳新馬		1986-10-26	4	東京	8	3歳新馬	(馬齢)	4	390	2	4	120	2	2	140	3	2-4	720	3																							12.6 - 11.1 - 11.2 - 11.9 - 12.3 - 12.6 - 12.3	12.6 - 23.7 - 34.9 - 46.8 - 59.1 - 71.7 - 84.0 (12.6-12.6)	6.0	120	1.0
198605040804	ダ	左	1700	晴	良	11:15	4歳以上400万下		1986-10-26	4	東京	8	4歳以上400万下	(父)(馬齢)	6	1720	9	6	340	6	11	150	1	6-8	1660	7																							7.0 - 11.1 - 11.5 - 11.8 - 12.0 - 12.7 - 12.5 - 13.8 - 14.3	7.0 - 18.1 - 29.6 - 41.4 - 53.4 - 66.1 - 78.6 - 92.4 - 106.7 (7.0-7.0)	10.0	360	8.0
198605040805	ダ	左	1600	晴	良	11:45	4歳以上400万下		1986-10-26	4	東京	8	4歳以上400万下	(馬齢)	1	960	5	1	290	5	5	140	1	1-5	1380	6																							12.8 - 11.9 - 12.1 - 12.4 - 12.2 - 12.3 - 12.5 - 12.7	12.8 - 24.7 - 36.8 - 49.2 - 61.4 - 73.7 - 86.2 - 98.9 (12.8-12.8)	11.0	520	8.0
198605040806	ダ	左	1200	晴	良	12:50	4歳以上400万下		1986-10-26	4	東京	8	4歳以上400万下	(馬齢)	3	800	5	3	300	5	7	490	7	3-7	7860	21																							12.5 - 11.0 - 11.6 - 12.2 - 12.9 - 13.1	12.5 - 23.5 - 35.1 - 47.3 - 60.2 - 73.3 (12.5-12.5)	8.0	260	4.0
198605040807	ダ	左	1700	晴	良	13:25	4歳以上900万下		1986-10-26	4	東京	8	4歳以上900万下	牝(馬齢)	7	170	1	7	110	1	1	150	3	1-7	500	2																							7.1 - 11.4 - 11.9 - 12.5 - 12.9 - 12.8 - 12.3 - 12.6 - 12.7	7.1 - 18.5 - 30.4 - 42.9 - 55.8 - 68.6 - 80.9 - 93.5 - 106.2 (7.1-7.1)	3.0	160	4.0
198605040808	芝	左	1600	晴	良	14:05	紅葉特別 		1986-10-26	4	東京	8	4歳以上900万下	(混)(ハンデ)	11	530	2	11	180	2	2	720	12	2-7	9290	23																							12.1 - 10.5 - 10.9 - 11.5 - 11.9 - 12.3 - 12.6 - 12.2	12.1 - 22.6 - 33.5 - 45.0 - 56.9 - 69.2 - 81.8 - 94.0 (12.1-12.1)	6.0	140	1.0
198605040809	ダ	左	1400	晴	良	14:45	精進湖特別 		1986-10-26	4	東京	8	4歳以上400万下	(別定)	4	1390	8	4	310	8	7	150	2	4-7	2950	16																							12.6 - 11.3 - 11.8 - 12.0 - 12.1 - 12.6 - 12.4	12.6 - 23.9 - 35.7 - 47.7 - 59.8 - 72.4 - 84.8 (12.6-12.6)	2.0	130	1.0
198605040810	芝	左	2000	晴	良	15:35	天皇賞(秋)	G1	1986-10-26	4	東京	8	4歳以上オープン	牡・牝(定量)	16	430	2	16	150	2	13	270	5	7-8	1660	8																							13.1 - 11.8 - 11.3 - 11.7 - 12.0 - 11.5 - 11.5 - 11.7 - 12.1 - 11.6	13.1 - 24.9 - 36.2 - 47.9 - 59.9 - 71.4 - 82.9 - 94.6 - 106.7 - 118.3 (13.1-13.1)	11.0	110	1.0
198605050101	ダ	左	1200	曇	良	10:00	3歳未勝利		1986-11-1	5	東京	1	3歳未勝利	(抽)関東配布馬(馬齢)	5	970	4	5	420	4	3	170	2	3-5	1020	4																							13.1 - 11.5 - 12.1 - 13.1 - 13.2 - 13.4	13.1 - 24.6 - 36.7 - 49.8 - 63.0 - 76.4 (13.1-13.1)			
198605050102	芝	左	1400	曇	良	10:25	3歳400万下		1986-11-1	5	東京	1	3歳400万下	(父)(馬齢)	5	130	1	5	110	1	2	250	4	2-5	700	3																							12.7 - 11.3 - 11.6 - 12.2 - 12.2 - 11.7 - 11.9	12.7 - 24.0 - 35.6 - 47.8 - 60.0 - 71.7 - 83.6 (12.7-12.7)			
198605050103	芝	左	1600	曇	良	10:50	3歳未勝利		1986-11-1	5	東京	1	3歳未勝利	(馬齢)	8	240	1	8	110	1	4	270	6	4-7	2520	8																							13.1 - 11.9 - 12.3 - 12.4 - 12.3 - 12.3 - 11.5 - 11.6	13.1 - 25.0 - 37.3 - 49.7 - 62.0 - 74.3 - 85.8 - 97.4 (13.1-13.1)	10.0	150	2.0
198605050104	ダ	左	1600	曇	良	11:15	3歳新馬		1986-11-1	5	東京	1	3歳新馬	(馬齢)	1	420	2	1	140	2	7	120	1	1-4	580	1																							12.6 - 11.3 - 12.2 - 12.1 - 13.3 - 13.4 - 12.5 - 12.5	12.6 - 23.9 - 36.1 - 48.2 - 61.5 - 74.9 - 87.4 - 99.9 (12.6-12.6)	10.0	160	3.0
198605050105	芝	左	1600	曇	良	11:40	3歳新馬		1986-11-1	5	東京	1	3歳新馬	(父)(馬齢)	11	300	1	11	120	1	4	150	3	4-8	710	2																							12.8 - 11.2 - 11.4 - 11.7 - 12.5 - 13.0 - 11.6 - 11.6	12.8 - 24.0 - 35.4 - 47.1 - 59.6 - 72.6 - 84.2 - 95.8 (12.8-12.8)	2.0	120	2.0
198605050106	障		3100	曇	良  ダート	12:05	障害4歳以上未勝利		1986-11-1	5	東京	1	障害4歳以上未勝利	(馬齢)	1	350	2	1	140	2	4	130	1	1-4	550	1																									7.0	320	7.0
198605050107	ダ	左	1400	曇	良	13:05	4歳以上400万下		1986-11-1	5	東京	1	4歳以上400万下	(馬齢)	8	490	3	8	140	3	2	110	2	2-8	1160	5																							12.8 - 11.5 - 11.5 - 12.1 - 12.9 - 12.9 - 12.5	12.8 - 24.3 - 35.8 - 47.9 - 60.8 - 73.7 - 86.2 (12.8-12.8)	5.0	110	1.0
198605050108	ダ	左	1400	雨	良	13:35	4歳以上400万下		1986-11-1	5	東京	1	4歳以上400万下	(馬齢)	7	1300	6	7	310	6	6	130	1	6-7	1370	7																							12.5 - 11.5 - 11.5 - 12.1 - 12.5 - 12.6 - 13.8	12.5 - 24.0 - 35.5 - 47.6 - 60.1 - 72.7 - 86.5 (12.5-12.5)	4.0	210	5.0
198605050109	芝	左	1800	雨	良	14:10	本栖湖特別 		1986-11-1	5	東京	1	4歳以上400万下	(馬齢)	3	170	1	3	110	1	2	210	5	2-3	970	3																							12.8 - 12.9 - 12.4 - 12.1 - 11.8 - 12.3 - 12.5 - 11.8 - 12.0	12.8 - 25.7 - 38.1 - 50.2 - 62.0 - 74.3 - 86.8 - 98.6 - 110.6 (12.8-12.8)	10.0	120	2.0
198605050110	芝	左	2000	小雨	良	14:45	立冬特別 		1986-11-1	5	東京	1	4歳以上900万下	(馬齢)	7	310	1	7	170	2	1	230	5	1-7	990	3																							12.9 - 12.3 - 12.3 - 12.3 - 12.5 - 12.2 - 12.1 - 12.2 - 11.5 - 11.7	12.9 - 25.2 - 37.5 - 49.8 - 62.3 - 74.5 - 86.6 - 98.8 - 110.3 - 122.0 (12.9-12.9)	8.0	180	3.0
198605050111	芝	左	1600	小雨	良	15:25	ノベンバーステークス 		1986-11-1	5	東京	1	4歳以上1400万下	(混)(ハンデ)	10	1060	6	10	280	5	9	230	4	7-8	1880	9																							12.6 - 11.0 - 11.1 - 11.6 - 12.2 - 12.5 - 12.1 - 12.0	12.6 - 23.6 - 34.7 - 46.3 - 58.5 - 71.0 - 83.1 - 95.1 (12.6-12.6)	6.0	160	2.0
198605050112	芝	左	1400	小雨	良	16:00	4歳以上900万下		1986-11-1	5	東京	1	4歳以上900万下	(馬齢)	11	1370	6	11	410	7	8	190	2	5-7	1330	5																							12.7 - 11.2 - 11.4 - 11.8 - 12.0 - 11.6 - 12.1	12.7 - 23.9 - 35.3 - 47.1 - 59.1 - 70.7 - 82.8 (12.7-12.7)	9.0	530	9.0
198605050201	芝	左	1400	晴	稍重	10:00	3歳未勝利		1986-11-2	5	東京	2	3歳未勝利	(馬齢)	6	810	4	6	180	5	5	110	1	5-6	640	3																							12.7 - 11.0 - 11.2 - 11.9 - 12.7 - 12.2 - 12.3	12.7 - 23.7 - 34.9 - 46.8 - 59.5 - 71.7 - 84.0 (12.7-12.7)	4.0	180	4.0
198605050202	芝	左	1400	晴	稍重	10:25	3歳新馬		1986-11-2	5	東京	2	3歳新馬	(馬齢)	3	160	1	3	110	1	4	140	3	3-4	460	1																							12.5 - 11.0 - 11.6 - 11.9 - 12.5 - 12.6 - 12.3	12.5 - 23.5 - 35.1 - 47.0 - 59.5 - 72.1 - 84.4 (12.5-12.5)	2.0	140	2.0
198605050203	芝	左	1800	晴	稍重	10:50	3歳新馬		1986-11-2	5	東京	2	3歳新馬	(混)(馬齢)	7	480	3	7	160	2	9	170	4	7-8	430	1																							12.6 - 11.8 - 12.8 - 12.6 - 12.5 - 12.2 - 12.2 - 12.1 - 11.9	12.6 - 24.4 - 37.2 - 49.8 - 62.3 - 74.5 - 86.7 - 98.8 - 110.7 (12.6-12.6)	8.0	200	5.0
198605050204	芝	左	1400	晴	稍重	11:15	3歳新馬		1986-11-2	5	東京	2	3歳新馬	(馬齢)	8	160	1	8	110	1	4	290	6	4-8	1420	5																							12.4 - 10.9 - 11.3 - 12.0 - 12.5 - 12.1 - 12.2	12.4 - 23.3 - 34.6 - 46.6 - 59.1 - 71.2 - 83.4 (12.4-12.4)	6.0	180	4.0
198605050205	ダ	左	1600	晴	稍重	11:40	4歳以上400万下		1986-11-2	5	東京	2	4歳以上400万下	(馬齢)	2	820	4	2	240	3	14	410	7	2-8	950	4																							12.9 - 11.2 - 11.7 - 11.9 - 12.2 - 13.0 - 12.8 - 13.0	12.9 - 24.1 - 35.8 - 47.7 - 59.9 - 72.9 - 85.7 - 98.7 (12.9-12.9)	13.0	140	2.0
198605050206	ダ	左	1400	晴	良	12:05	4歳以上400万下		1986-11-2	5	東京	2	4歳以上400万下	牝(馬齢)	5	380	2	5	150	2	4	200	5	4-5	1150	7																							12.8 - 11.7 - 11.9 - 12.2 - 12.3 - 12.4 - 12.7	12.8 - 24.5 - 36.4 - 48.6 - 60.9 - 73.3 - 86.0 (12.8-12.8)	7.0	190	4.0
198605050207	芝	左	1600	晴	良	13:05	4歳以上400万下		1986-11-2	5	東京	2	4歳以上400万下	(混)(馬齢)	13	1310	7	13	430	8	10	310	4	6-8	1570	6																							13.0 - 10.8 - 11.6 - 12.0 - 12.2 - 12.6 - 12.2 - 12.3	13.0 - 23.8 - 35.4 - 47.4 - 59.6 - 72.2 - 84.4 - 96.7 (13.0-13.0)	11.0	330	5.0
198605050208	ダ	左	1600	晴	良	13:35	4歳以上900万下		1986-11-2	5	東京	2	4歳以上900万下	(馬齢)	8	1700	8	8	420	8	7	380	7	4-5	3550	15																							12.2 - 10.8 - 11.6 - 11.8 - 12.2 - 12.4 - 12.6 - 13.0	12.2 - 23.0 - 34.6 - 46.4 - 58.6 - 71.0 - 83.6 - 96.6 (12.2-12.2)	5.0	170	1.0
198605050209	芝	左	1800	晴	良	14:10	秋嶺賞 		1986-11-2	5	東京	2	4歳以上900万下	(ハンデ)	6	320	1	6	130	2	2	130	1	2-6	590	1																							12.4 - 11.9 - 12.4 - 12.7 - 12.6 - 12.4 - 11.8 - 11.4 - 11.6	12.4 - 24.3 - 36.7 - 49.4 - 62.0 - 74.4 - 86.2 - 97.6 - 109.2 (12.4-12.4)	3.0	140	3.0
198605050210	ダ	左	1400	晴	良	14:45	根岸ステークス 		1986-11-2	5	東京	2	4歳以上オープン	(混)(別定)	6	250	1	6	110	1	4	140	3	4-6	570	2																							12.3 - 11.1 - 11.2 - 11.7 - 12.2 - 12.3 - 12.6	12.3 - 23.4 - 34.6 - 46.3 - 58.5 - 70.8 - 83.4 (12.3-12.3)	5.0	150	4.0
198605050211	芝	左	1400	晴	良	15:25	京成杯3歳ステークス	G2	1986-11-2	5	東京	2	3歳オープン	(馬齢)	5	360	2	5	150	2	2	110	1	2-5	340	1																							12.4 - 10.8 - 11.6 - 12.3 - 12.2 - 11.7 - 12.3	12.4 - 23.2 - 34.8 - 47.1 - 59.3 - 71.0 - 83.3 (12.4-12.4)			
198605050301	芝	左	1800	晴	良	10:00	3歳未勝利		1986-11-8	5	東京	3	3歳未勝利	(混)(馬齢)	5	220	1	5	110	1	2	140	3	2-5	510	2																							12.8 - 12.2 - 12.1 - 12.3 - 12.3 - 12.0 - 12.5 - 12.3 - 12.6	12.8 - 25.0 - 37.1 - 49.4 - 61.7 - 73.7 - 86.2 - 98.5 - 111.1 (12.8-12.8)	8.0	170	4.0
198605050302	芝	左	1400	晴	良	10:25	3歳未勝利		1986-11-8	5	東京	3	3歳未勝利	(馬齢)	1	130	1	1	100	1	8	100	2	1-8	170	1																							13.0 - 11.1 - 11.9 - 12.3 - 12.3 - 11.8 - 12.0	13.0 - 24.1 - 36.0 - 48.3 - 60.6 - 72.4 - 84.4 (13.0-13.0)	4.0	140	3.0
198605050303	芝	左	1400	晴	良	10:50	3歳新馬		1986-11-8	5	東京	3	3歳新馬	牝(馬齢)	2	640	4	2	180	3	3	130	1	2-3	500	3																							12.8 - 11.0 - 11.5 - 12.0 - 12.9 - 12.8 - 12.7	12.8 - 23.8 - 35.3 - 47.3 - 60.2 - 73.0 - 85.7 (12.8-12.8)	14.0	810	10.0
198605050304	芝	左	1600	晴	良	11:15	3歳新馬		1986-11-8	5	東京	3	3歳新馬	(馬齢)	4	460	2	4	160	2	1	110	1	1-4	250	1																							12.6 - 11.9 - 12.5 - 11.8 - 12.2 - 12.7 - 11.9 - 11.9	12.6 - 24.5 - 37.0 - 48.8 - 61.0 - 73.7 - 85.6 - 97.5 (12.6-12.6)	9.0	460	9.0
198605050305	ダ	左	1700	晴	良	11:40	4歳以上400万下		1986-11-8	5	東京	3	4歳以上400万下	牝(馬齢)	4	600	4	4	190	4	7	270	6	4-7	1680	11																							6.9 - 11.3 - 11.6 - 12.4 - 12.8 - 13.0 - 13.1 - 12.7 - 13.4	6.9 - 18.2 - 29.8 - 42.2 - 55.0 - 68.0 - 81.1 - 93.8 - 107.2 (6.9-6.9)	5.0	160	2.0
198605050306	障		3100	晴	良  ダート	12:05	障害4歳以上未勝利		1986-11-8	5	東京	3	障害4歳以上未勝利	(馬齢)	5	570	2	5	160	3	2	110	1	2-5	380	1																									9.0	320	6.0
198605050307	ダ	左	1600	晴	良	13:05	4歳以上400万下		1986-11-8	5	東京	3	4歳以上400万下	(馬齢)	1	290	1	1	120	2	3	120	1	1-3	470	1																							12.7 - 11.1 - 11.8 - 11.6 - 12.5 - 13.1 - 13.1 - 13.1	12.7 - 23.8 - 35.6 - 47.2 - 59.7 - 72.8 - 85.9 - 99.0 (12.7-12.7)	10.0	140	3.0
198605050308	ダ	左	1600	晴	良	13:35	4歳以上400万下		1986-11-8	5	東京	3	4歳以上400万下	(馬齢)	5	1860	7	5	270	6	6	120	1	5-6	1510	7																							12.7 - 11.7 - 12.1 - 12.5 - 12.7 - 12.9 - 12.5 - 12.6	12.7 - 24.4 - 36.5 - 49.0 - 61.7 - 74.6 - 87.1 - 99.7 (12.7-12.7)	2.0	180	4.0
198605050309	ダ	左	1200	晴	良	14:10	黄菊賞 		1986-11-8	5	東京	3	3歳400万下	(混)(別定)	4	790	5	4	180	4	1	120	1	1-4	1030	4																							13.0 - 10.9 - 11.8 - 12.9 - 12.5 - 12.6	13.0 - 23.9 - 35.7 - 48.6 - 61.1 - 73.7 (13.0-13.0)	9.0	130	2.0
198605050401	芝	左	1600	曇	良	10:00	3歳未勝利		1986-11-9	5	東京	4	3歳未勝利	牝(馬齢)	4	890	4	4	250	4	7	110	1	4-7	640	3																							12.8 - 11.3 - 11.8 - 12.5 - 12.7 - 12.7 - 12.4 - 12.5	12.8 - 24.1 - 35.9 - 48.4 - 61.1 - 73.8 - 86.2 - 98.7 (12.8-12.8)			
198605050402	ダ	左	1400	曇	良	10:25	3歳未勝利		1986-11-9	5	東京	4	3歳未勝利	(馬齢)	6	270	1	6	120	1	9	170	4	6-8	600	2																							12.6 - 11.4 - 11.8 - 12.6 - 13.2 - 12.7 - 13.4	12.6 - 24.0 - 35.8 - 48.4 - 61.6 - 74.3 - 87.7 (12.6-12.6)	8.0	340	7.0
198605050403	ダ	左	1200	曇	良	10:50	3歳新馬		1986-11-9	5	東京	4	3歳新馬	(馬齢)	4	160	1	4	100	1	8	130	2	4-8	270	1																							12.8 - 11.1 - 12.2 - 12.6 - 12.5 - 13.2	12.8 - 23.9 - 36.1 - 48.7 - 61.2 - 74.4 (12.8-12.8)	3.0	190	5.0
198605050501	芝	左	1400	曇	良	10:00	3歳未勝利		1986-11-15	5	東京	5	3歳未勝利	(父)(馬齢)	5	480	3	5	160	3	3	100	1	3-5	370	2																							13.1 - 11.1 - 11.4 - 12.3 - 12.5 - 12.3 - 12.6	13.1 - 24.2 - 35.6 - 47.9 - 60.4 - 72.7 - 85.3 (13.1-13.1)			
198605050502	ダ	左	1200	曇	良	10:25	3歳未勝利		1986-11-15	5	東京	5	3歳未勝利	(馬齢)	6	730	3	6	210	3	2	110	1	2-6	510	2																							13.1 - 10.9 - 12.1 - 12.5 - 12.3 - 12.5	13.1 - 24.0 - 36.1 - 48.6 - 60.9 - 73.4 (13.1-13.1)			
198605050503	芝	左	1800	曇	良	10:50	3歳新馬		1986-11-15	5	東京	5	3歳新馬	(馬齢)	4	380	3	4	120	2	6	240	5	4-6	2880	9																							12.7 - 11.6 - 11.8 - 12.2 - 12.1 - 12.7 - 12.9 - 12.3 - 12.5	12.7 - 24.3 - 36.1 - 48.3 - 60.4 - 73.1 - 86.0 - 98.3 - 110.8 (12.7-12.7)	1.0	150	3.0
198605050504	ダ	左	1600	曇	良	11:15	4歳以上400万下		1986-11-15	5	東京	5	4歳以上400万下	牝(馬齢)	9	700	3	9	260	4	2	220	2	2-8	1260	6																							12.8 - 11.3 - 12.2 - 11.8 - 12.3 - 13.1 - 13.1 - 12.6	12.8 - 24.1 - 36.3 - 48.1 - 60.4 - 73.5 - 86.6 - 99.2 (12.8-12.8)	7.0	360	7.0
198605050505	ダ	左	1400	曇	良	11:40	4歳以上400万下		1986-11-15	5	東京	5	4歳以上400万下	(馬齢)	3	760	4	3	200	3	10	150	2	3-8	860	4																							12.8 - 11.6 - 11.5 - 12.2 - 12.9 - 12.3 - 12.6	12.8 - 24.4 - 35.9 - 48.1 - 61.0 - 73.3 - 85.9 (12.8-12.8)	6.0	500	7.0
198605050506	障		3100	曇	良  ダート	12:05	障害4歳以上未勝利		1986-11-15	5	東京	5	障害4歳以上未勝利	(馬齢)	4	430	2	4	180	3	1	310	5	1-4	3970	14																									5.0	180	4.0
198605050507	芝	左	1600	曇	良	13:05	3歳抽せん馬特別 		1986-11-15	5	東京	5	3歳400万下	(抽)関東配布馬(別定)	1	110	1	1	100	1	6	290	5	1-6	820	4																							13.3 - 12.1 - 12.3 - 12.2 - 12.4 - 12.1 - 11.8 - 11.8	13.3 - 25.4 - 37.7 - 49.9 - 62.3 - 74.4 - 86.2 - 98.0 (13.3-13.3)			
198605050508	ダ	左	1700	曇	良	13:35	4歳以上400万下		1986-11-15	5	東京	5	4歳以上400万下	(馬齢)	8	450	3	8	190	3	7	290	6	6-7	1040	4																							7.3 - 11.1 - 11.8 - 12.2 - 12.3 - 12.7 - 12.8 - 13.0 - 12.8	7.3 - 18.4 - 30.2 - 42.4 - 54.7 - 67.4 - 80.2 - 93.2 - 106.0 (7.3-7.3)	2.0	190	4.0
198605050509	ダ	左	1400	曇	良	14:10	4歳以上400万下		1986-11-15	5	東京	5	4歳以上400万下	(馬齢)	2	420	2	2	150	2	5	140	1	2-5	620	1																							12.5 - 11.8 - 11.9 - 11.8 - 12.1 - 12.3 - 12.9	12.5 - 24.3 - 36.2 - 48.0 - 60.1 - 72.4 - 85.3 (12.5-12.5)	9.0	240	5.0
198605050510	芝	左	2000	曇	良	14:45	ユートピアステークス 		1986-11-15	5	東京	5	4歳以上1400万下	牝(馬齢)	1	180	1	1	130	1	2	180	3	1-2	470	2																							13.2 - 12.4 - 13.0 - 12.7 - 12.3 - 12.0 - 12.5 - 12.2 - 11.5 - 11.5	13.2 - 25.6 - 38.6 - 51.3 - 63.6 - 75.6 - 88.1 - 100.3 - 111.8 - 123.3 (13.2-13.2)			
198605050511	芝	左	2400	曇	良	15:25	初冬特別 		1986-11-15	5	東京	5	4歳以上900万下	(別定)	7	440	2	7	170	2	6	200	3	6-7	930	4																							12.8 - 12.1 - 12.4 - 12.0 - 13.1 - 13.0 - 12.8 - 12.3 - 12.4 - 12.4 - 11.7 - 12.2	12.8 - 24.9 - 37.3 - 49.3 - 62.4 - 75.4 - 88.2 - 100.5 - 112.9 - 125.3 - 137.0 - 149.2 (12.8-12.8)	9.0	510	8.0
198605050512	芝	左	1600	曇	良	16:00	4歳以上900万下		1986-11-15	5	東京	5	4歳以上900万下	(馬齢)	8	240	1	8	140	1	10	300	6	6-7	560	1																							13.1 - 11.6 - 12.3 - 12.1 - 12.0 - 12.0 - 11.4 - 11.5	13.1 - 24.7 - 37.0 - 49.1 - 61.1 - 73.1 - 84.5 - 96.0 (13.1-13.1)	12.0	230	5.0
198605050601	芝	左	1600	晴	良	10:00	3歳未勝利		1986-11-16	5	東京	6	3歳未勝利	(馬齢)	1	330	3	1	160	3	3	160	2	1-3	540	3																							13.2 - 12.1 - 11.8 - 11.9 - 11.9 - 12.5 - 12.1 - 12.8	13.2 - 25.3 - 37.1 - 49.0 - 60.9 - 73.4 - 85.5 - 98.3 (13.2-13.2)			
198605050602	芝	左	1600	晴	良	10:25	3歳新馬		1986-11-16	5	東京	6	3歳新馬	(混)(馬齢)	2	360	2	2	180	2	1	210	3	1-2	890	4																							12.9 - 11.3 - 11.5 - 11.7 - 12.2 - 12.9 - 12.4 - 12.8	12.9 - 24.2 - 35.7 - 47.4 - 59.6 - 72.5 - 84.9 - 97.7 (12.9-12.9)			
198605050603	ダ	左	1400	晴	良	10:50	3歳新馬		1986-11-16	5	東京	6	3歳新馬	(馬齢)	5	110	1	5	100	1	1	140	3	1-5	360	2																							12.6 - 11.6 - 11.8 - 12.6 - 12.5 - 12.7 - 12.9	12.6 - 24.2 - 36.0 - 48.6 - 61.1 - 73.8 - 86.7 (12.6-12.6)	6.0	120	2.0
198605050604	芝	左	1400	晴	良	11:15	4歳以上400万下		1986-11-16	5	東京	6	4歳以上400万下	(馬齢)	4	190	1	4	120	1	7	520	8	4-7	4040	16																							13.2 - 11.7 - 11.8 - 12.2 - 12.0 - 11.9 - 11.5	13.2 - 24.9 - 36.7 - 48.9 - 60.9 - 72.8 - 84.3 (13.2-13.2)	1.0	180	4.0
198605050605	ダ	左	1700	晴	良	11:40	4歳以上400万下		1986-11-16	5	東京	6	4歳以上400万下	(混)(馬齢)	2	780	5	2	190	5	9	140	2	2-8	1560	7																							7.2 - 11.6 - 11.7 - 12.2 - 12.3 - 12.9 - 13.1 - 12.2 - 13.1	7.2 - 18.8 - 30.5 - 42.7 - 55.0 - 67.9 - 81.0 - 93.2 - 106.3 (7.2-7.2)	7.0	140	1.0
198605050606	障		3300	晴	良  ダート	12:05	障害4歳以上400万下		1986-11-16	5	東京	6	障害4歳以上400万下	(混)(馬齢)	5	1030	5	5	230	6	9	120	1	5-8	880	5																									2.0	180	3.0
198605050607	芝	左	2000	晴	良	13:05	4歳以上900万下		1986-11-16	5	東京	6	4歳以上900万下	牝(馬齢)	3	290	2	3	130	2	5	110	1	3-5	250	1																							13.6 - 12.1 - 13.0 - 12.8 - 12.9 - 12.8 - 12.9 - 12.4 - 11.5 - 11.4	13.6 - 25.7 - 38.7 - 51.5 - 64.4 - 77.2 - 90.1 - 102.5 - 114.0 - 125.4 (13.6-13.6)			
198605050608	芝	左	1400	晴	良	13:35	4歳以上400万下		1986-11-16	5	東京	6	4歳以上400万下	(馬齢)	7	600	3	7	260	3	4	150	2	4-7	800	2																							13.3 - 11.2 - 11.1 - 12.1 - 12.7 - 12.0 - 11.9	13.3 - 24.5 - 35.6 - 47.7 - 60.4 - 72.4 - 84.3 (13.3-13.3)			
198605050609	芝	左	1800	晴	良	14:10	府中3歳ステークス 		1986-11-16	5	東京	6	3歳オープン	(混)(別定)	1	150	1	1	120	1	6	430	6	1-6	1230	5																							13.2 - 11.8 - 11.8 - 12.3 - 12.4 - 12.2 - 12.3 - 11.8 - 11.9	13.2 - 25.0 - 36.8 - 49.1 - 61.5 - 73.7 - 86.0 - 97.8 - 109.7 (13.2-13.2)			
198605050701	ダ	左	1600	晴	良	10:00	3歳未勝利		1986-11-22	5	東京	7	3歳未勝利	(馬齢)	8	250	2	8	110	1	3	120	2	3-7	340	1																							12.8 - 11.6 - 12.3 - 12.1 - 12.4 - 13.0 - 12.7 - 13.4	12.8 - 24.4 - 36.7 - 48.8 - 61.2 - 74.2 - 86.9 - 100.3 (12.8-12.8)	1.0	360	9.0
198605050702	ダ	左	1400	晴	良	10:25	3歳未勝利		1986-11-22	5	東京	7	3歳未勝利	(混)(馬齢)	3	1150	6	3	220	6	4	120	1	3-4	1830	9																							12.9 - 11.7 - 11.7 - 12.5 - 12.8 - 12.0 - 12.7	12.9 - 24.6 - 36.3 - 48.8 - 61.6 - 73.6 - 86.3 (12.9-12.9)	9.0	140	2.0
198605050703	ダ	左	1600	晴	良	10:50	3歳400万下		1986-11-22	5	東京	7	3歳400万下	(馬齢)	3	760	5	3	250	5	6	130	1	3-6	710	4																							13.2 - 12.3 - 13.0 - 12.8 - 13.0 - 12.6 - 11.7 - 12.0	13.2 - 25.5 - 38.5 - 51.3 - 64.3 - 76.9 - 88.6 - 100.6 (13.2-13.2)			
198605050704	ダ	左	1400	晴	良	11:15	3歳新馬		1986-11-22	5	東京	7	3歳新馬	牝(馬齢)	1	2770	7	1	390	7	5	120	1	1-5	2000	7																							12.8 - 11.8 - 11.7 - 12.5 - 13.5 - 13.0 - 13.3	12.8 - 24.6 - 36.3 - 48.8 - 62.3 - 75.3 - 88.6 (12.8-12.8)	11.0	260	5.0
198605050705	芝	左	1600	晴	良	11:40	3歳新馬		1986-11-22	5	東京	7	3歳新馬	(馬齢)	6	300	2	6	140	2	8	250	3	3-4	1110	3																							12.6 - 11.0 - 11.6 - 11.9 - 12.7 - 12.8 - 12.3 - 12.3	12.6 - 23.6 - 35.2 - 47.1 - 59.8 - 72.6 - 84.9 - 97.2 (12.6-12.6)	1.0	300	5.0
198605050706	障		3100	晴	良  ダート	12:05	障害4歳以上未勝利		1986-11-22	5	東京	7	障害4歳以上未勝利	(馬齢)	6	110	1	6	100	1	4	130	2	4-6	320	1																									3.0	140	4.0
198605050707	ダ	左	1700	晴	良	13:05	4歳以上400万下		1986-11-22	5	東京	7	4歳以上400万下	(馬齢)	7	160	1	7	120	1	10	370	6	6-8	470	2																							7.2 - 11.5 - 11.8 - 12.1 - 11.8 - 12.3 - 12.9 - 12.5 - 13.0	7.2 - 18.7 - 30.5 - 42.6 - 54.4 - 66.7 - 79.6 - 92.1 - 105.1 (7.2-7.2)	2.0	210	5.0
198605050708	ダ	左	1700	晴	良	13:35	4歳以上400万下		1986-11-22	5	東京	7	4歳以上400万下	(馬齢)	1	760	6	1	220	4	2	140	1	1-2	1090	4																							7.3 - 11.1 - 11.5 - 11.7 - 12.0 - 12.7 - 13.3 - 13.1 - 13.1	7.3 - 18.4 - 29.9 - 41.6 - 53.6 - 66.3 - 79.6 - 92.7 - 105.8 (7.3-7.3)	10.0	500	10.0
198605050709	芝	左	2000	晴	良	14:10	白樺湖特別 		1986-11-22	5	東京	7	4歳以上400万下	(別定)	9	700	4	9	240	4	8	1,680	16	4-5	10380	29																							13.3 - 12.0 - 11.9 - 12.4 - 13.1 - 12.4 - 12.1 - 11.4 - 11.9 - 12.2	13.3 - 25.3 - 37.2 - 49.6 - 62.7 - 75.1 - 87.2 - 98.6 - 110.5 - 122.7 (13.3-13.3)	11.0	190	2.0
198605050710	ダ	左	1600	晴	良	14:45	霜月賞 		1986-11-22	5	東京	7	4歳以上1400万下	(混)(ハンデ)	6	1650	8	6	640	9	7	270	4	4-4	7340	22																							12.5 - 10.8 - 11.7 - 11.6 - 11.9 - 12.6 - 12.6 - 12.2	12.5 - 23.3 - 35.0 - 46.6 - 58.5 - 71.1 - 83.7 - 95.9 (12.5-12.5)	15.0	400	5.0
198605050801	ダ	左	1400	晴	良	10:00	3歳未勝利		1986-11-23	5	東京	8	3歳未勝利	牝(馬齢)	1	390	4	1	140	4	3	130	3	1-3	690	4																							12.9 - 11.6 - 11.6 - 12.6 - 12.8 - 12.5 - 12.6	12.9 - 24.5 - 36.1 - 48.7 - 61.5 - 74.0 - 86.6 (12.9-12.9)	5.0	120	1.0
198605050802	ダ	左	1200	晴	良	10:25	3歳未勝利		1986-11-23	5	東京	8	3歳未勝利	(馬齢)	5	320	2	5	110	1	1	180	3	1-5	1320	6																							13.0 - 11.1 - 12.0 - 12.7 - 12.9 - 13.4	13.0 - 24.1 - 36.1 - 48.8 - 61.7 - 75.1 (13.0-13.0)	7.0	120	2.0
198605050803	ダ	左	1200	晴	良	10:50	3歳新馬		1986-11-23	5	東京	8	3歳新馬	(馬齢)	8	450	4	8	130	3	1	130	2	1-7	750	5																							12.8 - 10.4 - 11.9 - 12.3 - 12.5 - 13.2	12.8 - 23.2 - 35.1 - 47.4 - 59.9 - 73.1 (12.8-12.8)	2.0	120	1.0
198605050804	芝	左	1400	晴	良	11:15	3歳新馬		1986-11-23	5	東京	8	3歳新馬	(馬齢)	1	660	4	1	290	5	13	1,270	10	1-8	1400	6																							12.9 - 11.3 - 11.4 - 12.0 - 12.8 - 12.4 - 12.5	12.9 - 24.2 - 35.6 - 47.6 - 60.4 - 72.8 - 85.3 (12.9-12.9)	9.0	260	3.0
198605050805	ダ	左	1700	晴	良	11:45	4歳以上400万下		1986-11-23	5	東京	8	4歳以上400万下	牝(馬齢)	6	950	4	6	290	3	5	1,100	9	5-5	19300	25																							7.3 - 11.2 - 12.0 - 12.5 - 12.3 - 12.9 - 12.9 - 12.4 - 12.5	7.3 - 18.5 - 30.5 - 43.0 - 55.3 - 68.2 - 81.1 - 93.5 - 106.0 (7.3-7.3)	8.0	490	6.0
198605050806	ダ	左	1600	晴	良	12:50	4歳以上400万下		1986-11-23	5	東京	8	4歳以上400万下	(馬齢)	13	910	6	13	290	4	3	310	6	3-8	3460	15																							12.9 - 11.6 - 12.1 - 12.1 - 12.5 - 12.6 - 12.2 - 12.7	12.9 - 24.5 - 36.6 - 48.7 - 61.2 - 73.8 - 86.0 - 98.7 (12.9-12.9)	4.0	880	8.0
198605050807	芝	左	1600	晴	良	13:20	白菊賞 		1986-11-23	5	東京	8	3歳400万下	(混)(別定)	9	280	1	9	140	1	11	150	2	6-7	450	1																							12.3 - 11.0 - 11.6 - 11.5 - 12.1 - 12.8 - 12.5 - 12.6	12.3 - 23.3 - 34.9 - 46.4 - 58.5 - 71.3 - 83.8 - 96.4 (12.3-12.3)	2.0	270	6.0
198605050808	芝	左	1600	晴	良	14:00	神代特別 		1986-11-23	5	東京	8	4歳以上900万下	(指)(別定)	5	1530	9	5	470	8	11	410	7	5-8	3050	20																							12.4 - 11.4 - 11.2 - 11.7 - 12.3 - 12.3 - 11.7 - 11.8	12.4 - 23.8 - 35.0 - 46.7 - 59.0 - 71.3 - 83.0 - 94.8 (12.4-12.4)	6.0	280	5.0
198605050809	ダ	左	1600	晴	良	14:40	4歳以上400万下		1986-11-23	5	東京	8	4歳以上400万下	(馬齢)	6	320	1	6	150	1	12	280	4	3-6	750	3																							12.4 - 11.2 - 12.2 - 12.1 - 12.6 - 13.0 - 12.9 - 13.1	12.4 - 23.6 - 35.8 - 47.9 - 60.5 - 73.5 - 86.4 - 99.5 (12.4-12.4)	4.0	460	8.0
198605050810	芝	左	2400	晴	良	15:20	ジャパンカップ	G1	1986-11-23	5	東京	8	4歳以上オープン	(混)(指)(定量)	10	1490	8	10	490	10	13	370	6	6-8	760	2																							12.9 - 11.7 - 12.3 - 11.9 - 11.9 - 12.2 - 12.2 - 12.2 - 12.1 - 12.2 - 11.6 - 11.8	12.9 - 24.6 - 36.9 - 48.8 - 60.7 - 72.9 - 85.1 - 97.3 - 109.4 - 121.6 - 133.2 - 145.0 (12.9-12.9)	6.0	220	2.0
198605010108	ダ	左	1700	晴	良	13:55	4歳以上400万下		1986-1-25	1	東京	1	4歳以上400万下	牝(馬齢)	8	360	2	8	170	2	1	190	3	1-7	1150	5																							7.2 - 11.5 - 12.0 - 12.4 - 12.4 - 12.7 - 13.0 - 13.1 - 13.0	7.2 - 18.7 - 30.7 - 43.1 - 55.5 - 68.2 - 81.2 - 94.3 - 107.3 (7.2-7.2)	7.0	950	10.0
198605020101	芝	左	2400	雨	稍重	10:00	4歳未勝利		1986-4-19	2	東京	1	4歳未勝利	(馬齢)	1	1000	4	1	560	5	7	340	2	1-7	3590	13																							13.3 - 12.3 - 13.2 - 13.0 - 13.4 - 13.5 - 13.3 - 12.9 - 12.8 - 12.6 - 11.7 - 11.7	13.3 - 25.6 - 38.8 - 51.8 - 65.2 - 78.7 - 92.0 - 104.9 - 117.7 - 130.3 - 142.0 - 153.7 (13.3-13.3)			
198605020102	芝	左	1400	雨	稍重	10:25	4歳400万下		1986-4-19	2	東京	1	4歳400万下	牝(馬齢)	6	600	3	6	210	4	3	120	1	3-6	480	2																							12.5 - 11.1 - 11.4 - 12.0 - 12.5 - 12.2 - 12.8	12.5 - 23.6 - 35.0 - 47.0 - 59.5 - 71.7 - 84.5 (12.5-12.5)			
198605020103	ダ	左	1600	雨	重	10:50	4歳未勝利		1986-4-19	2	東京	1	4歳未勝利	(馬齢)	3	280	1	3	140	2	4	220	5	3-4	1270	6																							12.8 - 11.4 - 11.9 - 12.4 - 12.8 - 13.4 - 12.6 - 13.0	12.8 - 24.2 - 36.1 - 48.5 - 61.3 - 74.7 - 87.3 - 100.3 (12.8-12.8)	12.0	140	1.0
198605020104	ダ	左	1400	雨	重	11:15	4歳未勝利		1986-4-19	2	東京	1	4歳未勝利	(馬齢)	2	400	2	2	180	2	11	240	4	2-7	1550	8																							12.4 - 11.0 - 11.3 - 12.3 - 12.7 - 13.2 - 13.0	12.4 - 23.4 - 34.7 - 47.0 - 59.7 - 72.9 - 85.9 (12.4-12.4)	7.0	400	7.0
198605020105	障		3100	雨	稍重  ダート	11:45	障害4歳以上未勝利		1986-4-19	2	東京	1	障害4歳以上未勝利	(馬齢)	1	980	4	1	270	5	2	340	6	1-2	4640	14																									12.0	190	2.0
198605020106	芝	左	1800	雨	重	12:45	4歳未勝利		1986-4-19	2	東京	1	4歳未勝利	(父)(馬齢)	1	590	3	1	170	3	8	190	4	1-7	1550	6																							12.3 - 11.5 - 12.2 - 12.6 - 12.2 - 12.5 - 13.0 - 12.7 - 13.3	12.3 - 23.8 - 36.0 - 48.6 - 60.8 - 73.3 - 86.3 - 99.0 - 112.3 (12.3-12.3)	7.0	130	2.0
198605020107	芝	左	1600	雨	重	13:20	4歳以上400万下		1986-4-19	2	東京	1	4歳以上400万下	(馬齢)	8	560	3	8	250	5	13	200	2	5-8	690	1																							12.6 - 11.4 - 11.7 - 11.8 - 12.1 - 12.9 - 12.6 - 13.1	12.6 - 24.0 - 35.7 - 47.5 - 59.6 - 72.5 - 85.1 - 98.2 (12.6-12.6)	10.0	680	12.0
198605020201	ダ	左	1700	小雨	不良	10:20	4歳未勝利		1986-4-20	2	東京	2	4歳未勝利	(馬齢)	4	160	1	4	110	1	2	120	2	2-4	220	1																							7.0 - 11.6 - 11.8 - 12.3 - 12.7 - 13.0 - 13.4 - 12.2 - 12.2	7.0 - 18.6 - 30.4 - 42.7 - 55.4 - 68.4 - 81.8 - 94.0 - 106.2 (7.0-7.0)			
198605020202	ダ	左	1600	小雨	不良	10:45	4歳未勝利		1986-4-20	2	東京	2	4歳未勝利	牝(馬齢)	2	160	1	2	110	1	8	130	2	2-8	280	1																							12.4 - 11.8 - 12.3 - 12.2 - 12.6 - 12.9 - 12.3 - 12.3	12.4 - 24.2 - 36.5 - 48.7 - 61.3 - 74.2 - 86.5 - 98.8 (12.4-12.4)	6.0	500	8.0
198605020804	芝	左	1400	曇	良	11:15	4歳未勝利		1986-5-11	2	東京	8	4歳未勝利	(馬齢)	1	170	1	1	120	1	4	260	5	1-4	1050	4																							12.8 - 11.2 - 11.4 - 12.0 - 12.7 - 12.6 - 12.3	12.8 - 24.0 - 35.4 - 47.4 - 60.1 - 72.7 - 85.0 (12.8-12.8)	3.0	470	8.0
198605020805	障		3300	曇	良  ダート	11:45	障害4歳以上400万下		1986-5-11	2	東京	8	障害4歳以上400万下	(別定)	5	5820	8	5	440	8	2	110	1	2-5	3350	11																									3.0	130	2.0
198605020806	芝	左	1400	曇	良	12:45	4歳未勝利		1986-5-11	2	東京	8	4歳未勝利	(馬齢)	12	240	1	12	110	2	8	160	3	6-8	630	2																							12.5 - 11.3 - 11.9 - 11.9 - 12.5 - 12.0 - 12.5	12.5 - 23.8 - 35.7 - 47.6 - 60.1 - 72.1 - 84.6 (12.5-12.5)	1.0	110	1.0
198605020807	ダ	左	1200	曇	良	13:20	4歳400万下		1986-5-11	2	東京	8	4歳400万下	(馬齢)	1	800	5	1	350	5	3	650	9	1-3	10830	24																							12.3 - 10.6 - 11.5 - 12.5 - 13.2 - 12.5	12.3 - 22.9 - 34.4 - 46.9 - 60.1 - 72.6 (12.3-12.3)	7.0	520	8.0
198605020808	芝	左	1800	曇	良	13:55	4歳以上400万下		1986-5-11	2	東京	8	4歳以上400万下	牝(馬齢)	9	280	1	9	140	1	14	210	3	6-8	720	2																							12.8 - 12.0 - 12.3 - 12.6 - 12.1 - 12.0 - 12.3 - 12.4 - 12.4	12.8 - 24.8 - 37.1 - 49.7 - 61.8 - 73.8 - 86.1 - 98.5 - 110.9 (12.8-12.8)	11.0	320	6.0
198605020809	芝	左	1800	曇	良	14:30	スイートピー賞 		1986-5-11	2	東京	8	4歳400万下	(混)(別定)	7	1540	6	7	310	6	5	190	4	5-6	1460	5																							13.0 - 12.0 - 12.3 - 12.6 - 11.8 - 12.0 - 12.4 - 12.1 - 12.5	13.0 - 25.0 - 37.3 - 49.9 - 61.7 - 73.7 - 86.1 - 98.2 - 110.7 (13.0-13.0)	10.0	130	1.0
198605030502	ダ	左	1700	晴	不良	10:25	4歳未勝利		1986-5-31	3	東京	5	4歳未勝利	(馬齢)	5	410	2	5	130	2	8	110	1	5-7	340	1																							7.3 - 11.0 - 11.3 - 11.8 - 11.7 - 12.4 - 12.7 - 14.0 - 13.5	7.3 - 18.3 - 29.6 - 41.4 - 53.1 - 65.5 - 78.2 - 92.2 - 105.7 (7.3-7.3)	4.0	500	10.0
198605030503	ダ	左	1200	晴	不良	10:50	4歳未勝利		1986-5-31	3	東京	5	4歳未勝利	牝(馬齢)	10	1530	6	10	330	6	3	210	3	3-8	4280	15																							12.9 - 10.4 - 11.4 - 11.8 - 13.2 - 13.3	12.9 - 23.3 - 34.7 - 46.5 - 59.7 - 73.0 (12.9-12.9)	9.0	160	2.0
198605030504	ダ	左	1700	晴	不良	11:15	4歳400万下		1986-5-31	3	東京	5	4歳400万下	(抽)(市)(馬齢)	2	170	1	2	120	1	4	150	2	2-4	380	1																							7.2 - 11.1 - 11.2 - 11.4 - 11.9 - 12.1 - 12.0 - 13.5 - 13.4	7.2 - 18.3 - 29.5 - 40.9 - 52.8 - 64.9 - 76.9 - 90.4 - 103.8 (7.2-7.2)			
198605030505	障		3300	晴	不良  ダート	11:45	障害4歳以上オープン		1986-5-31	3	東京	5	障害4歳以上オープン	(別定)	2	170	1	2	120	1	9	140	3	2-7	330	2																									1.0	270	5.0
198605030506	ダ	左	1600	晴	不良	12:45	4歳未勝利		1986-5-31	3	東京	5	4歳未勝利	(馬齢)	6	150	1	6	100	1	8	150	4	6-8	850	4																							12.8 - 11.6 - 11.8 - 11.8 - 12.2 - 12.7 - 12.7 - 12.8	12.8 - 24.4 - 36.2 - 48.0 - 60.2 - 72.9 - 85.6 - 98.4 (12.8-12.8)	2.0	120	2.0
198605030507	ダ	左	1700	晴	重	13:20	4歳400万下		1986-5-31	3	東京	5	4歳400万下	(馬齢)	6	1800	7	6	580	7	5	140	1	5-6	2040	10																							7.2 - 10.9 - 11.1 - 12.3 - 12.6 - 12.3 - 13.0 - 12.6 - 13.0	7.2 - 18.1 - 29.2 - 41.5 - 54.1 - 66.4 - 79.4 - 92.0 - 105.0 (7.2-7.2)			
198605030508	ダ	左	1400	晴	重	13:55	4歳以上400万下		1986-5-31	3	東京	5	4歳以上400万下	(馬齢)	1	490	3	1	170	3	7	120	2	1-7	830	4																							12.9 - 11.1 - 11.3 - 11.6 - 11.8 - 12.4 - 12.8	12.9 - 24.0 - 35.3 - 46.9 - 58.7 - 71.1 - 83.9 (12.9-12.9)	8.0	180	4.0
198605030509	芝	左	2300	晴	不良	14:30	雲取山特別 		1986-5-31	3	東京	5	4歳以上900万下	(混)(別定)	3	200	1	3	140	1	4	210	3	3-4	760	2																							7.6 - 11.9 - 12.7 - 12.4 - 13.2 - 13.0 - 13.0 - 12.4 - 12.3 - 12.5 - 12.0 - 12.4	7.6 - 19.5 - 32.2 - 44.6 - 57.8 - 70.8 - 83.8 - 96.2 - 108.5 - 121.0 - 133.0 - 145.4 (7.6-7.6)			
198605030510	芝	左	1600	晴	不良	15:05	ガーベラ賞 		1986-5-31	3	東京	5	4歳400万下	(混)(別定)	2	1590	7	2	420	7	6	160	2	2-6	3300	14																							13.0 - 11.1 - 11.6 - 11.8 - 12.1 - 12.6 - 12.7 - 12.7	13.0 - 24.1 - 35.7 - 47.5 - 59.6 - 72.2 - 84.9 - 97.6 (13.0-13.0)	4.0	230	5.0
198605030511	芝	左	1600	晴	不良	15:45	パールステークス 		1986-5-31	3	東京	5	4歳以上1400万下	(ハンデ)	5	260	1	5	110	1	3	110	2	3-5	390	1																							13.3 - 11.4 - 12.0 - 12.0 - 12.2 - 12.0 - 12.0 - 12.8	13.3 - 24.7 - 36.7 - 48.7 - 60.9 - 72.9 - 84.9 - 97.7 (13.3-13.3)	9.0	120	3.0
198605030512	ダ	左	1400	晴	重	16:20	4歳以上400万下		1986-5-31	3	東京	5	4歳以上400万下	(馬齢)	4	580	2	4	170	2	3	200	4	3-4	1930	7																							13.2 - 11.0 - 11.4 - 11.8 - 12.0 - 13.1 - 13.2	13.2 - 24.2 - 35.6 - 47.4 - 59.4 - 72.5 - 85.7 (13.2-13.2)	2.0	300	6.0
198605030701	ダ	左	1600	曇	稍重	10:00	4歳未勝利		1986-6-7	3	東京	7	4歳未勝利	(馬齢)	10	240	1	10	120	1	13	160	4	7-8	600	3																							12.9 - 11.8 - 11.9 - 12.1 - 12.5 - 12.8 - 12.5 - 12.7	12.9 - 24.7 - 36.6 - 48.7 - 61.2 - 74.0 - 86.5 - 99.2 (12.9-12.9)	3.0	130	2.0
198605030702	芝	左	2000	曇	稍重	10:25	4歳未勝利		1986-6-7	3	東京	7	4歳未勝利	(混)(馬齢)	12	3060	7	12	510	9	4	200	4	4-8	4470	13																							13.3 - 11.7 - 11.6 - 12.5 - 12.6 - 12.8 - 12.7 - 12.5 - 12.2 - 12.9	13.3 - 25.0 - 36.6 - 49.1 - 61.7 - 74.5 - 87.2 - 99.7 - 111.9 - 124.8 (13.3-13.3)	3.0	120	1.0
198605030703	芝	左	1800	曇	稍重	10:50	4歳未勝利		1986-6-7	3	東京	7	4歳未勝利	牝(馬齢)	3	440	3	3	180	3	4	230	4	3-4	1880	7																							12.7 - 11.8 - 12.0 - 12.3 - 12.5 - 13.0 - 12.8 - 13.0 - 13.1	12.7 - 24.5 - 36.5 - 48.8 - 61.3 - 74.3 - 87.1 - 100.1 - 113.2 (12.7-12.7)	1.0	370	6.0
198605030704	芝	左	1600	曇	稍重	11:15	4歳未勝利		1986-6-7	3	東京	7	4歳未勝利	(馬齢)	14	1230	6	14	350	5	9	490	8	6-8	1930	10																							13.3 - 11.4 - 11.9 - 12.1 - 12.4 - 12.8 - 12.7 - 13.0	13.3 - 24.7 - 36.6 - 48.7 - 61.1 - 73.9 - 86.6 - 99.6 (13.3-13.3)	4.0	150	2.0
198605030705	障		3100	曇	稍重  ダート	11:45	障害4歳以上未勝利		1986-6-7	3	東京	7	障害4歳以上未勝利	(馬齢)	2	530	3	2	140	3	1	120	1	1-2	390	1																									5.0	170	5.0
198605030706	ダ	左	1600	曇	良	12:45	4歳400万下		1986-6-7	3	東京	7	4歳400万下	(馬齢)	5	1170	5	5	350	6	7	530	8	5-6	1470	6																							13.0 - 11.3 - 11.5 - 11.9 - 12.5 - 13.0 - 13.3 - 13.3	13.0 - 24.3 - 35.8 - 47.7 - 60.2 - 73.2 - 86.5 - 99.8 (13.0-13.0)	1.0	890	10.0
198605030707	ダ	左	1700	曇	良	13:20	4歳以上900万下		1986-6-7	3	東京	7	4歳以上900万下	(馬齢)	9	140	1	9	130	1	1	310	6	1-8	1140	5																							7.2 - 11.1 - 11.3 - 11.7 - 11.8 - 12.6 - 13.0 - 13.0 - 13.3	7.2 - 18.3 - 29.6 - 41.3 - 53.1 - 65.7 - 78.7 - 91.7 - 105.0 (7.2-7.2)	5.0	400	7.0
198605030708	芝	左	1800	曇	稍重	13:55	4歳以上400万下		1986-6-7	3	東京	7	4歳以上400万下	(馬齢)	14	1490	7	14	370	7	13	200	3	8-8	4700	18																							13.1 - 11.7 - 11.8 - 12.0 - 12.5 - 12.6 - 12.6 - 12.3 - 13.3	13.1 - 24.8 - 36.6 - 48.6 - 61.1 - 73.7 - 86.3 - 98.6 - 111.9 (13.1-13.1)	12.0	140	1.0
198605030709	芝	左	2400	小雨	稍重	14:30	あじさい賞 		1986-6-7	3	東京	7	4歳400万下	(別定)	7	660	3	7	170	3	1	350	9	1-7	4360	18																							13.2 - 11.6 - 11.8 - 11.9 - 12.7 - 12.7 - 12.8 - 12.5 - 12.9 - 13.0 - 12.3 - 13.0	13.2 - 24.8 - 36.6 - 48.5 - 61.2 - 73.9 - 86.7 - 99.2 - 112.1 - 125.1 - 137.4 - 150.4 (13.2-13.2)	4.0	120	1.0
198605030710	芝	左	1600	小雨	稍重	15:05	府中特別 		1986-6-7	3	東京	7	4歳以上900万下	牝(別定)	5	1650	7	5	400	7	12	490	8	4-7	4950	17																							13.1 - 11.2 - 11.6 - 11.9 - 12.3 - 12.8 - 12.2 - 12.4	13.1 - 24.3 - 35.9 - 47.8 - 60.1 - 72.9 - 85.1 - 97.5 (13.1-13.1)	14.0	130	1.0
198605040310	障		3300	曇	重	15:10	東京障害特別(秋)	G	1986-10-11	4	東京	3	障害4歳以上オープン	(ハンデ)	6	680	3	6	150	3	1	140	2	1-6	1400	7																									3.0	110	1.0
198605040311	芝	左	1400	曇	重	15:45	多摩川特別 		1986-10-11	4	東京	3	4歳以上900万下	(別定)	1	230	1	1	120	1	8	210	5	1-8	700	2																							12.2 - 10.7 - 11.5 - 11.8 - 11.8 - 12.7 - 12.0	12.2 - 22.9 - 34.4 - 46.2 - 58.0 - 70.7 - 82.7 (12.2-12.2)	4.0	200	4.0
198605040312	ダ	左	1600	曇	不良	16:20	4歳以上900万下		1986-10-11	4	東京	3	4歳以上900万下	(馬齢)	7	840	6	7	270	6	11	210	4	6-8	1580	7																							12.4 - 11.2 - 11.4 - 11.9 - 12.0 - 12.3 - 12.7 - 12.9	12.4 - 23.6 - 35.0 - 46.9 - 58.9 - 71.2 - 83.9 - 96.8 (12.4-12.4)	3.0	180	2.0
198605040604	芝	左	1800	晴	良	11:15	4歳以上900万下		1986-10-19	4	東京	6	4歳以上900万下	(馬齢)	5	920	5	5	320	4	1	230	2	1-5	2100	8																							12.7 - 12.7 - 12.2 - 12.4 - 12.0 - 12.0 - 11.6 - 11.8 - 11.7	12.7 - 25.4 - 37.6 - 50.0 - 62.0 - 74.0 - 85.6 - 97.4 - 109.1 (12.7-12.7)			
198605040605	障		3300	晴	良  ダート	11:45	障害4歳以上400万下		1986-10-19	4	東京	6	障害4歳以上400万下	(別定)	3	380	2	3	130	2	6	120	1	3-6	300	1																											
198605040606	ダ	左	1700	晴	良	12:45	4歳以上400万下		1986-10-19	4	東京	6	4歳以上400万下	(馬齢)	2	140	1	2	100	1	3	200	5	2-3	840	4																							7.2 - 11.2 - 11.7 - 12.5 - 12.5 - 13.1 - 12.7 - 12.9 - 12.5	7.2 - 18.4 - 30.1 - 42.6 - 55.1 - 68.2 - 80.9 - 93.8 - 106.3 (7.2-7.2)	8.0	130	2.0
198605040607	ダ	左	1600	晴	良	13:20	4歳以上400万下		1986-10-19	4	東京	6	4歳以上400万下	(馬齢)	2	230	1	2	120	1	6	260	5	2-6	1500	5																							12.8 - 11.6 - 12.3 - 12.5 - 12.6 - 12.8 - 12.9 - 12.8	12.8 - 24.4 - 36.7 - 49.2 - 61.8 - 74.6 - 87.5 - 100.3 (12.8-12.8)	5.0	200	4.0
198605040608	芝	左	1600	晴	良	13:55	4歳以上400万下		1986-10-19	4	東京	6	4歳以上400万下	(馬齢)	3	740	3	3	200	3	5	160	2	3-5	1260	6																							13.2 - 11.7 - 11.9 - 12.1 - 12.2 - 12.2 - 11.7 - 12.1	13.2 - 24.9 - 36.8 - 48.9 - 61.1 - 73.3 - 85.0 - 97.1 (13.2-13.2)	6.0	340	6.0
198605040609	芝	左	1800	晴	良	14:30	西湖特別 		1986-10-19	4	東京	6	4歳以上400万下	牝(別定)	4	350	2	4	140	1	3	180	4	3-4	1050	5																							12.3 - 12.2 - 12.1 - 12.5 - 12.2 - 12.4 - 12.4 - 12.0 - 11.6	12.3 - 24.5 - 36.6 - 49.1 - 61.3 - 73.7 - 86.1 - 98.1 - 109.7 (12.3-12.3)	5.0	140	3.0
198605040610	ダ	左	1600	晴	良	15:05	晩秋特別 		1986-10-19	4	東京	6	4歳以上900万下	(別定)	4	190	1	4	110	1	2	130	2	2-4	570	1																							12.9 - 11.5 - 12.1 - 12.1 - 12.1 - 12.6 - 12.3 - 12.5	12.9 - 24.4 - 36.5 - 48.6 - 60.7 - 73.3 - 85.6 - 98.1 (12.9-12.9)	1.0	150	3.0
198605040611	芝	左	2400	曇	良	15:45	東京スポーツ杯 		1986-10-19	4	東京	6	4歳以上オープン	(混)(ハンデ)	4	210	1	4	120	1	5	180	3	4-5	770	2																							13.3 - 11.8 - 12.9 - 12.4 - 13.3 - 12.9 - 12.8 - 12.5 - 12.2 - 11.7 - 12.2 - 11.7	13.3 - 25.1 - 38.0 - 50.4 - 63.7 - 76.6 - 89.4 - 101.9 - 114.1 - 125.8 - 138.0 - 149.7 (13.3-13.3)	1.0	410	8.0
198605040612	芝	左	1600	曇	良	16:20	4歳以上400万下		1986-10-19	4	東京	6	4歳以上400万下	(馬齢)	8	380	2	8	190	3	2	170	2	2-8	410	1																							12.5 - 11.3 - 11.6 - 11.9 - 12.2 - 12.0 - 12.8 - 12.2	12.5 - 23.8 - 35.4 - 47.3 - 59.5 - 71.5 - 84.3 - 96.5 (12.5-12.5)	3.0	400	8.0
198605050404	芝	左	1400	曇	良	11:15	3歳新馬		1986-11-9	5	東京	4	3歳新馬	(馬齢)	6	410	3	6	170	3	7	150	2	6-6	750	2																							12.9 - 11.1 - 11.6 - 12.2 - 12.7 - 12.7 - 12.2	12.9 - 24.0 - 35.6 - 47.8 - 60.5 - 73.2 - 85.4 (12.9-12.9)	5.0	300	5.0
198605050405	ダ	左	1200	曇	良	11:40	4歳以上400万下		1986-11-9	5	東京	4	4歳以上400万下	(馬齢)	3	360	2	3	110	2	5	100	1	3-5	320	1																							12.6 - 11.1 - 12.1 - 12.1 - 11.9 - 12.3	12.6 - 23.7 - 35.8 - 47.9 - 59.8 - 72.1 (12.6-12.6)	7.0	150	3.0
198605050406	障		3300	曇	良  ダート	12:05	障害4歳以上オープン		1986-11-9	5	東京	4	障害4歳以上オープン	(別定)	1	1440	4	1	280	4	6	110	1	1-6	670	3																											
198605050407	ダ	左	1200	曇	良	13:05	4歳以上400万下		1986-11-9	5	東京	4	4歳以上400万下	(馬齢)	6	980	5	6	280	6	4	330	7	4-6	8280	23																							12.9 - 11.1 - 12.0 - 12.5 - 12.0 - 12.3	12.9 - 24.0 - 36.0 - 48.5 - 60.5 - 72.8 (12.9-12.9)	9.0	120	1.0
198605040510	芝	左	1800	晴	良	15:45	津久井特別 		1986-10-18	4	東京	5	4歳以上900万下	(ハンデ)	4	580	4	4	190	3	5	370	8	4-5	3470	16																							12.6 - 12.1 - 11.8 - 11.9 - 12.1 - 12.2 - 12.0 - 11.9 - 11.5	12.6 - 24.7 - 36.5 - 48.4 - 60.5 - 72.7 - 84.7 - 96.6 - 108.1 (12.6-12.6)	8.0	290	5.0
198605050408	芝	左	1800	曇	良	13:35	4歳以上900万下		1986-11-9	5	東京	4	4歳以上900万下	(馬齢)	6	820	4	6	240	4	2	120	1	2-6	750	3																							13.5 - 12.5 - 11.9 - 11.9 - 12.0 - 12.3 - 12.3 - 11.8 - 11.9	13.5 - 26.0 - 37.9 - 49.8 - 61.8 - 74.1 - 86.4 - 98.2 - 110.1 (13.5-13.5)			
