	track	direction	distance	weather	going	start_at	title	grade	date	round	place	days	requirement	rule	単勝:的中	単勝:配当	単勝:人気	複勝_1:的中	複勝_1:配当	複勝_1:人気	複勝_2:的中	複勝_2:配当	複勝_2:人気	複勝_3:的中	複勝_3:配当	複勝_3:人気	枠連:的中	枠連:配当	枠連:人気	ワイド_1:的中	ワイド_1:配当	ワイド_1:人気	ワイド_2:的中	ワイド_2:配当	ワイド_2:人気	ワイド_3:的中	ワイド_3:配当	ワイド_3:人気	馬単:的中	馬単:配当	馬単:人気	三連複:的中	三連複:配当	三連複:人気	三連単:的中	三連単:配当	三連単:人気	spacing_on_corner:1	spacing_on_corner:2	spacing_on_corner:3	spacing_on_corner:4	laptime	pacemaker
199104010101	ダ	右	1700	晴	稍重	10:10	4歳以上700万下		1991-4-20	1	新潟	1	4歳以上700万下	[抽](別定)	5	200	1	5	110	1	9	110	2	4.0	490	9.0	5-8	250	1																							7.2 - 11.1 - 12.0 - 12.6 - 13.5 - 13.4 - 13.7 - 13.8 - 13.1	7.2 - 18.3 - 30.3 - 42.9 - 56.4 - 69.8 - 83.5 - 97.3 - 110.4 (7.2-7.2)
199104010102	芝	右	1200	晴	稍重	10:35	4歳未出走		1991-4-20	1	新潟	1	4歳未出走	(馬齢)	11	150	1	11	120	1	12	1,190	13	4.0	690	10.0	7-8	1480	6																							12.3 - 11.0 - 12.0 - 12.6 - 11.5 - 12.0	12.3 - 23.3 - 35.3 - 47.9 - 59.4 - 71.4 (12.3-12.3)
199104010103	芝	右	1200	晴	稍重	11:00	4歳未出走		1991-4-20	1	新潟	1	4歳未出走	(馬齢)	10	790	3	10	310	4	8	440	5	2.0	250	3.0	6-7	960	4																							12.6 - 11.4 - 12.2 - 12.2 - 11.4 - 12.3	12.6 - 24.0 - 36.2 - 48.4 - 59.8 - 72.1 (12.6-12.6)
199104010104	芝	右	1600	晴	稍重	11:25	4歳未出走		1991-4-20	1	新潟	1	4歳未出走	(混)(馬齢)	6	2800	12	6	590	11	5	140	1	8.0	160	2.0	4-5	930	2																							12.8 - 11.5 - 11.7 - 11.8 - 12.5 - 12.3 - 12.5 - 12.0	12.8 - 24.3 - 36.0 - 47.8 - 60.3 - 72.6 - 85.1 - 97.1 (12.8-12.8)
199104010105	芝	右	1400	晴	稍重	11:55	4歳未勝利		1991-4-20	1	新潟	1	4歳未勝利	牝(馬齢)	4	360	2	4	140	2	7	300	3	5.0	1,630	13.0	4-5	990	3																							12.8 - 11.4 - 12.0 - 12.5 - 12.5 - 11.6 - 11.6	12.8 - 24.2 - 36.2 - 48.7 - 61.2 - 72.8 - 84.4 (12.8-12.8)
199104010106	芝	右	2000	晴	稍重	12:55	4歳未勝利		1991-4-20	1	新潟	1	4歳未勝利	(馬齢)	1	1860	9	1	390	9	5	340	6	9.0	140	1.0	1-4	3670	13																							12.9 - 12.1 - 12.6 - 12.8 - 13.1 - 12.9 - 12.9 - 12.4 - 12.0 - 12.2	12.9 - 25.0 - 37.6 - 50.4 - 63.5 - 76.4 - 89.3 - 101.7 - 113.7 - 125.9 (12.9-12.9)
199104010107	ダ	右	1000	晴	稍重	13:25	4歳以上500万下		1991-4-20	1	新潟	1	4歳以上500万下	(別定)	1	230	1	1	130	2	5	120	1	9.0	300	6.0	1-5	320	1																							12.9 - 11.2 - 12.3 - 12.4 - 12.5	12.9 - 24.1 - 36.4 - 48.8 - 61.3 (12.9-12.9)
199104010108	芝	右	1400	晴	稍重	14:00	4歳以上500万下		1991-4-20	1	新潟	1	4歳以上500万下	(別定)	8	330	2	8	160	2	1	650	11	12.0	610	9.0	1-6	6440	19																							12.8 - 11.2 - 11.7 - 12.1 - 12.2 - 11.2 - 12.2	12.8 - 24.0 - 35.7 - 47.8 - 60.0 - 71.2 - 83.4 (12.8-12.8)
199104010109	芝	右	1600	晴	稍重	14:35	二王子特別 		1991-4-20	1	新潟	1	4歳以上500万下	(別定)	8	6390	12	8	1,020	12	2	310	3	7.0	420	7.0	2-6	6060	25																							12.8 - 11.2 - 11.5 - 11.5 - 12.5 - 12.2 - 12.9 - 12.0	12.8 - 24.0 - 35.5 - 47.0 - 59.5 - 71.7 - 84.6 - 96.6 (12.8-12.8)
199104010201	芝	右	1400	晴	良	10:30	4歳未出走		1991-4-21	1	新潟	2	4歳未出走	(馬齢)	5	1870	5	5	390	7	10	570	10	2.0	130	1.0	4-7	2620	10																							12.9 - 11.3 - 11.6 - 12.7 - 12.6 - 11.9 - 12.3	12.9 - 24.2 - 35.8 - 48.5 - 61.1 - 73.0 - 85.3 (12.9-12.9)
199104010202	芝	右	1400	晴	良	10:55	4歳未出走		1991-4-21	1	新潟	2	4歳未出走	(馬齢)	10	440	1	10	240	5	9	310	7	6.0	230	4.0	6-7	1060	4																							12.8 - 11.0 - 11.3 - 12.6 - 12.4 - 12.2 - 12.4	12.8 - 23.8 - 35.1 - 47.7 - 60.1 - 72.3 - 84.7 (12.8-12.8)
199104010203	芝	右	2000	晴	良	11:20	4歳未出走		1991-4-21	1	新潟	2	4歳未出走	(馬齢)	1	270	1	1	140	1	2	160	3	7.0	740	10.0	1-2	680	2																							13.0 - 13.1 - 13.8 - 14.4 - 13.0 - 12.9 - 12.7 - 12.1 - 11.2 - 11.8	13.0 - 26.1 - 39.9 - 54.3 - 67.3 - 80.2 - 92.9 - 105.0 - 116.2 - 128.0 (13.0-13.0)
199104010204	ダ	右	1200	晴	良	11:45	4歳未勝利		1991-4-21	1	新潟	2	4歳未勝利	(馬齢)	9	330	2	9	100	1	5	180	4	10.0	130	2.0	5-7	640	3																							12.7 - 11.5 - 11.6 - 12.6 - 13.6 - 13.7	12.7 - 24.2 - 35.8 - 48.4 - 62.0 - 75.7 (12.7-12.7)
199104010205	芝	右	1200	晴	良	12:10	4歳未勝利		1991-4-21	1	新潟	2	4歳未勝利	(混)(馬齢)	3	200	1	3	120	1	1	130	2	7.0	430	9.0	1-3	290	1																							12.2 - 11.1 - 12.0 - 11.6 - 11.5 - 12.1	12.2 - 23.3 - 35.3 - 46.9 - 58.4 - 70.5 (12.2-12.2)
199104010206	芝	右	1600	晴	良	13:10	4歳未勝利		1991-4-21	1	新潟	2	4歳未勝利	(馬齢)	11	12850	13	11	860	12	13	180	4	7.0	150	1.0	7-8	2540	11																							12.5 - 11.4 - 11.8 - 11.7 - 12.5 - 12.4 - 12.3 - 12.7	12.5 - 23.9 - 35.7 - 47.4 - 59.9 - 72.3 - 84.6 - 97.3 (12.5-12.5)
199104010207	ダ	右	1700	晴	良	13:40	4歳以上500万下		1991-4-21	1	新潟	2	4歳以上500万下	(別定)	1	1480	5	1	280	8	11	110	1	3.0	140	2.0	1-8	960	4																							7.2 - 11.5 - 12.3 - 12.8 - 13.2 - 12.7 - 13.2 - 13.1 - 12.7	7.2 - 18.7 - 31.0 - 43.8 - 57.0 - 69.7 - 82.9 - 96.0 - 108.7 (7.2-7.2)
199104010208	芝	右	1600	晴	良	14:10	4歳以上500万下		1991-4-21	1	新潟	2	4歳以上500万下	牝(別定)	4	270	1	4	140	1	3	170	3	12.0	140	2.0	3-4	1010	4																							12.7 - 11.6 - 12.1 - 12.0 - 12.2 - 12.1 - 11.6 - 12.7	12.7 - 24.3 - 36.4 - 48.4 - 60.6 - 72.7 - 84.3 - 97.0 (12.7-12.7)
199104010209	芝	右	2000	晴	良	14:40	ゆきつばき賞 		1991-4-21	1	新潟	2	4歳500万下	(混)(馬齢)	3	510	4	3	210	3	6	460	7	2.0	250	5.0	3-6	5310	21																							12.7 - 12.0 - 12.3 - 12.2 - 12.8 - 12.6 - 12.4 - 12.3 - 12.0 - 12.3	12.7 - 24.7 - 37.0 - 49.2 - 62.0 - 74.6 - 87.0 - 99.3 - 111.3 - 123.6 (12.7-12.7)
199104010210	芝	右	1200	晴	良	15:10	長岡特別 		1991-4-21	1	新潟	2	4歳以上500万下	(別定)	3	730	4	3	220	3	1	370	9	8.0	170	1.0	1-3	2200	13																							12.4 - 10.9 - 11.6 - 12.0 - 11.7 - 12.1	12.4 - 23.3 - 34.9 - 46.9 - 58.6 - 70.7 (12.4-12.4)
199104010301	芝	右	1400	晴	良	10:10	4歳未出走		1991-4-27	1	新潟	3	4歳未出走	(馬齢)	7	300	2	7	130	1	5	220	4	9.0	240	5.0	5-6	670	3																							12.9 - 11.6 - 11.8 - 12.1 - 12.0 - 12.3 - 12.2	12.9 - 24.5 - 36.3 - 48.4 - 60.4 - 72.7 - 84.9 (12.9-12.9)
199104010302	芝	右	1400	晴	良	10:35	4歳未出走		1991-4-27	1	新潟	3	4歳未出走	(馬齢)	1	300	1	1	110	1	5	150	3	7.0	130	2.0	1-5	540	1																							12.6 - 11.2 - 11.5 - 12.2 - 12.0 - 12.0 - 12.5	12.6 - 23.8 - 35.3 - 47.5 - 59.5 - 71.5 - 84.0 (12.6-12.6)
199104010303	芝	右	1600	晴	良	11:00	4歳未出走		1991-4-27	1	新潟	3	4歳未出走	(馬齢)	1	160	1	1	120	1	2	280	6	5.0	150	2.0	1-2	1370	6																							12.1 - 11.3 - 11.9 - 11.9 - 12.5 - 12.5 - 11.8 - 12.8	12.1 - 23.4 - 35.3 - 47.2 - 59.7 - 72.2 - 84.0 - 96.8 (12.1-12.1)
199104010304	ダ	右	1700	晴	良	11:25	4歳未勝利		1991-4-27	1	新潟	3	4歳未勝利	(馬齢)	1	260	1	1	140	2	7	180	5	2.0	150	3.0	1-7	630	2																							7.4 - 11.3 - 12.5 - 12.8 - 13.8 - 12.9 - 13.6 - 13.5 - 13.1	7.4 - 18.7 - 31.2 - 44.0 - 57.8 - 70.7 - 84.3 - 97.8 - 110.9 (7.4-7.4)
199104010305	芝	右	1600	晴	良	11:55	4歳未勝利		1991-4-27	1	新潟	3	4歳未勝利	(馬齢)	9	400	2	9	210	3	8	120	1	13.0	320	7.0	6-6	680	3																							12.4 - 11.1 - 11.6 - 11.9 - 12.9 - 12.3 - 12.5 - 12.4	12.4 - 23.5 - 35.1 - 47.0 - 59.9 - 72.2 - 84.7 - 97.1 (12.4-12.4)
199104010306	芝	右	2000	晴	良	12:55	4歳未勝利		1991-4-27	1	新潟	3	4歳未勝利	牝(馬齢)	9	390	3	9	220	4	3	1,160	9	8.0	200	3.0	3-8	9230	20																							12.6 - 11.6 - 12.2 - 12.4 - 12.5 - 13.1 - 13.3 - 12.5 - 12.3 - 12.5	12.6 - 24.2 - 36.4 - 48.8 - 61.3 - 74.4 - 87.7 - 100.2 - 112.5 - 125.0 (12.6-12.6)
199104010307	芝	右	1400	晴	良	13:25	4歳以上500万下		1991-4-27	1	新潟	3	4歳以上500万下	(別定)	8	3140	9	8	1,280	10	4	320	6	1.0	1,360	11.0	4-6	2640	13																							12.6 - 10.6 - 11.4 - 12.2 - 12.3 - 12.0 - 12.2	12.6 - 23.2 - 34.6 - 46.8 - 59.1 - 71.1 - 83.3 (12.6-12.6)
199104010308	芝	右	2000	晴	良	14:00	アラブステークス 		1991-4-27	1	新潟	3	4歳以上オープン	[抽](ハンデ)	6	580	4	6	200	2	7	450	5				6-7	1850	9																							12.7 - 13.1 - 13.1 - 13.0 - 12.3 - 12.6 - 12.7 - 12.1 - 12.0 - 12.2	12.7 - 25.8 - 38.9 - 51.9 - 64.2 - 76.8 - 89.5 - 101.6 - 113.6 - 125.8 (12.7-12.7)
199104010309	芝	右	2000	晴	良	14:35	4歳以上500万下		1991-4-27	1	新潟	3	4歳以上500万下	牝(別定)	8	220	1	8	140	2	6	170	3	1.0	240	4.0	6-7	390	1																							12.8 - 12.3 - 12.7 - 12.6 - 12.2 - 12.2 - 12.3 - 12.4 - 12.1 - 12.0	12.8 - 25.1 - 37.8 - 50.4 - 62.6 - 74.8 - 87.1 - 99.5 - 111.6 - 123.6 (12.8-12.8)
199104010310	ダ	右	1200	晴	良	15:10	三条特別 		1991-4-27	1	新潟	3	4歳以上500万下	(混)(別定)	1	900	3	1	140	2	10	110	1	2.0	210	5.0	1-8	470	2																							12.2 - 11.2 - 11.5 - 12.5 - 13.0 - 13.3	12.2 - 23.4 - 34.9 - 47.4 - 60.4 - 73.7 (12.2-12.2)
199104010312	芝	右	1600	晴	良	16:15	4歳以上500万下		1991-4-27	1	新潟	3	4歳以上500万下	(混)(別定)	6	800	3	6	210	3	13	260	5	9.0	120	1.0	5-8	2810	13																							12.4 - 11.1 - 11.4 - 11.4 - 12.3 - 12.1 - 12.0 - 12.6	12.4 - 23.5 - 34.9 - 46.3 - 58.6 - 70.7 - 82.7 - 95.3 (12.4-12.4)
199104010401	ダ	右	1200	晴	良	10:10	4歳以上400万下		1991-4-28	1	新潟	4	4歳以上400万下	[抽](別定)	5	160	1	5	110	1	3	290	7	10.0	180	3.0	3-5	1310	5																							12.5 - 11.9 - 12.0 - 13.0 - 13.1 - 12.6	12.5 - 24.4 - 36.4 - 49.4 - 62.5 - 75.1 (12.5-12.5)
199104010402	芝	右	1200	晴	良	10:35	4歳未出走		1991-4-28	1	新潟	4	4歳未出走	(混)(馬齢)	7	340	2	7	140	2	5	130	1	11.0	230	4.0	4-5	380	1																							12.2 - 11.2 - 11.7 - 11.5 - 12.0 - 11.9	12.2 - 23.4 - 35.1 - 46.6 - 58.6 - 70.5 (12.2-12.2)
199104010403	芝	右	1600	晴	良	11:00	4歳未出走		1991-4-28	1	新潟	4	4歳未出走	(馬齢)	8	890	6	8	250	5	11	210	3	5.0	510	10.0	6-8	1010	4																							12.4 - 11.3 - 11.4 - 12.0 - 12.4 - 12.6 - 12.4 - 12.6	12.4 - 23.7 - 35.1 - 47.1 - 59.5 - 72.1 - 84.5 - 97.1 (12.4-12.4)
199104010404	芝	右	1400	晴	良	11:25	4歳未勝利		1991-4-28	1	新潟	4	4歳未勝利	(馬齢)	5	2050	7	5	340	7	3	260	5	9.0	250	4.0	3-5	10680	25																							12.3 - 10.7 - 11.6 - 11.9 - 11.9 - 12.3 - 12.6	12.3 - 23.0 - 34.6 - 46.5 - 58.4 - 70.7 - 83.3 (12.3-12.3)
199104010405	芝	右	1400	晴	良	11:55	4歳未勝利		1991-4-28	1	新潟	4	4歳未勝利	(馬齢)	1	170	1	1	100	1	10	150	4	3.0	140	3.0	1-8	440	1																							12.5 - 11.2 - 11.7 - 12.3 - 11.9 - 12.0 - 12.2	12.5 - 23.7 - 35.4 - 47.7 - 59.6 - 71.6 - 83.8 (12.5-12.5)
199104010406	芝	右	2200	晴	良	12:55	4歳未勝利		1991-4-28	1	新潟	4	4歳未勝利	(混)(馬齢)	2	480	3	2	190	4	5	150	3	3.0	140	2.0	2-5	1790	7																							12.8 - 11.5 - 12.4 - 12.5 - 12.8 - 13.3 - 13.1 - 12.8 - 12.2 - 12.6 - 12.4	12.8 - 24.3 - 36.7 - 49.2 - 62.0 - 75.3 - 88.4 - 101.2 - 113.4 - 126.0 - 138.4 (12.8-12.8)
199104010407	ダ	右	1700	晴	良	13:25	4歳以上500万下		1991-4-28	1	新潟	4	4歳以上500万下	(別定)	4	180	1	4	120	1	6	150	2	9.0	400	9.0	4-5	410	1																							7.3 - 11.1 - 12.5 - 12.5 - 13.1 - 12.4 - 12.9 - 13.5 - 13.4	7.3 - 18.4 - 30.9 - 43.4 - 56.5 - 68.9 - 81.8 - 95.3 - 108.7 (7.3-7.3)
199104010408	芝	右	1200	晴	良	14:00	4歳以上500万下		1991-4-28	1	新潟	4	4歳以上500万下	(別定)	3	360	2	3	160	2	13	140	1	1.0	170	3.0	3-8	540	1																							12.2 - 10.5 - 11.5 - 11.7 - 11.3 - 12.9	12.2 - 22.7 - 34.2 - 45.9 - 57.2 - 70.1 (12.2-12.2)
199104010409	芝	右	1600	晴	良	14:35	両津湾特別 		1991-4-28	1	新潟	4	4歳以上500万下	(別定)	3	220	1	3	100	1	4	120	2	8.0	150	4.0	3-4	420	1																							12.5 - 11.9 - 11.9 - 12.1 - 12.6 - 12.0 - 11.6 - 11.8	12.5 - 24.4 - 36.3 - 48.4 - 61.0 - 73.0 - 84.6 - 96.4 (12.5-12.5)
199104010410	芝	右	1400	晴	良	15:10	ひめさゆり賞 		1991-4-28	1	新潟	4	4歳500万下	(馬齢)	13	230	1	13	140	1	12	420	7	8.0	840	12.0	8-8	1590	6																							12.3 - 11.0 - 11.6 - 12.4 - 11.8 - 12.4 - 12.2	12.3 - 23.3 - 34.9 - 47.3 - 59.1 - 71.5 - 83.7 (12.3-12.3)
199104010411	芝	右	2200	晴	良	15:45	悠久山特別 		1991-4-28	1	新潟	4	4歳以上900万下	(混)(ハンデ)	1	360	2	1	150	2	4	640	8	2.0	210	4.0	1-4	4230	17																							12.6 - 10.9 - 12.5 - 12.0 - 12.6 - 12.1 - 12.4 - 12.7 - 12.5 - 11.8 - 11.8	12.6 - 23.5 - 36.0 - 48.0 - 60.6 - 72.7 - 85.1 - 97.8 - 110.3 - 122.1 - 133.9 (12.6-12.6)
199104010501	芝	右	1200	曇	重	10:10	4歳未出走		1991-5-3	1	新潟	5	4歳未出走	(馬齢)	6	2640	7	6	730	6	11	1,290	12	13.0	160	2.0	5-7	450	1																							12.4 - 11.1 - 12.3 - 12.6 - 11.9 - 12.5	12.4 - 23.5 - 35.8 - 48.4 - 60.3 - 72.8 (12.4-12.4)
199104010502	芝	右	1600	曇	重	10:35	4歳未出走		1991-5-3	1	新潟	5	4歳未出走	(馬齢)	6	560	3	6	130	3	11	120	1	10.0	120	2.0	5-8	590	2																							12.0 - 11.4 - 11.8 - 11.9 - 12.8 - 12.9 - 12.2 - 12.6	12.0 - 23.4 - 35.2 - 47.1 - 59.9 - 72.8 - 85.0 - 97.6 (12.0-12.0)
199104010503	ダ	右	1000	曇	不良	11:00	4歳未勝利		1991-5-3	1	新潟	5	4歳未勝利	(馬齢)	6	400	2	6	140	2	3	420	6	7.0	190	5.0	3-6	3320	12																							12.6 - 11.2 - 12.1 - 12.5 - 12.0	12.6 - 23.8 - 35.9 - 48.4 - 60.4 (12.6-12.6)
199104010504	芝	右	1600	曇	重	11:25	4歳未勝利		1991-5-3	1	新潟	5	4歳未勝利	牝(馬齢)	10	2390	7	10	620	7	5	230	5	8.0	220	3.0	5-8	7020	19																							12.2 - 12.0 - 11.5 - 11.6 - 12.8 - 12.8 - 12.8 - 12.4	12.2 - 24.2 - 35.7 - 47.3 - 60.1 - 72.9 - 85.7 - 98.1 (12.2-12.2)
199104010505	芝	右	2000	晴	重	11:55	4歳未勝利		1991-5-3	1	新潟	5	4歳未勝利	(馬齢)	3	1930	8	3	470	7	6	260	4	7.0	430	6.0	3-6	4000	18																							12.9 - 12.0 - 12.1 - 12.3 - 12.1 - 12.2 - 13.0 - 12.6 - 13.4 - 12.5	12.9 - 24.9 - 37.0 - 49.3 - 61.4 - 73.6 - 86.6 - 99.2 - 112.6 - 125.1 (12.9-12.9)
199104010506	ダ	右	1700	曇	不良	12:55	4歳以上500万下		1991-5-3	1	新潟	5	4歳以上500万下	(別定)	6	250	1	6	120	1	3	150	3	2.0	600	9.0	3-6	450	1																							7.6 - 10.8 - 12.1 - 12.6 - 12.9 - 12.6 - 13.1 - 13.5 - 12.2	7.6 - 18.4 - 30.5 - 43.1 - 56.0 - 68.6 - 81.7 - 95.2 - 107.4 (7.6-7.6)
199104010507	ダ	右	1700	曇	不良	13:25	4歳以上500万下		1991-5-3	1	新潟	5	4歳以上500万下	(別定)	9	380	3	9	160	2	2	250	4	3.0	520	8.0	2-8	1220	4																							7.5 - 11.3 - 12.2 - 12.7 - 12.8 - 12.7 - 12.8 - 13.4 - 12.7	7.5 - 18.8 - 31.0 - 43.7 - 56.5 - 69.2 - 82.0 - 95.4 - 108.1 (7.5-7.5)
199104010508	芝	右	1400	曇	重	14:00	4歳以上500万下		1991-5-3	1	新潟	5	4歳以上500万下	(別定)	13	550	2	13	170	2	2	120	1	7.0	280	6.0	2-8	660	1																							12.9 - 11.0 - 11.5 - 12.4 - 12.5 - 11.7 - 12.0	12.9 - 23.9 - 35.4 - 47.8 - 60.3 - 72.0 - 84.0 (12.9-12.9)
199104010509	芝	右	1600	曇	重	14:35	アラブ特別 		1991-5-3	1	新潟	5	4歳以上700万下	[抽](別定)	6	730	4	6	190	4	8	260	5	5.0	170	3.0	6-8	3040	15																							12.2 - 11.6 - 11.9 - 11.9 - 13.1 - 13.0 - 12.3 - 12.3	12.2 - 23.8 - 35.7 - 47.6 - 60.7 - 73.7 - 86.0 - 98.3 (12.2-12.2)
199104010510	芝	右	1400	曇	稍重	15:10	粟島特別 		1991-5-3	1	新潟	5	4歳以上500万下	牝(別定)	7	270	1	7	120	1	10	140	2	9.0	180	4.0	7-8	280	1																							12.9 - 10.9 - 11.0 - 12.3 - 12.0 - 12.3 - 12.3	12.9 - 23.8 - 34.8 - 47.1 - 59.1 - 71.4 - 83.7 (12.9-12.9)
199104010511	芝	右	2000	曇	稍重	15:45	尖閣湾特別 		1991-5-3	1	新潟	5	4歳以上500万下	(別定)	7	390	2	7	130	1	8	150	4	6.0	130	2.0	7-8	880	3																							12.6 - 11.9 - 12.7 - 12.9 - 12.4 - 11.7 - 12.4 - 12.4 - 12.5 - 12.6	12.6 - 24.5 - 37.2 - 50.1 - 62.5 - 74.2 - 86.6 - 99.0 - 111.5 - 124.1 (12.6-12.6)
199104010601	ダ	右	1700	曇	重	10:25	4歳以上400万下		1991-5-4	1	新潟	6	4歳以上400万下	[抽](別定)	1	320	2	1	190	3	3	160	2				1-3	690	3																							7.5 - 11.5 - 13.0 - 13.1 - 13.4 - 13.0 - 13.0 - 13.5 - 12.2	7.5 - 19.0 - 32.0 - 45.1 - 58.5 - 71.5 - 84.5 - 98.0 - 110.2 (7.5-7.5)
199104010602	芝	右	1400	曇	稍重	10:55	4歳未出走		1991-5-4	1	新潟	6	4歳未出走	(混)(馬齢)	9	200	2	9	100	1	13	110	2	7.0	150	3.0	6-8	180	1																							12.9 - 10.9 - 11.3 - 12.6 - 12.0 - 11.9 - 11.9	12.9 - 23.8 - 35.1 - 47.7 - 59.7 - 71.6 - 83.5 (12.9-12.9)
199104010603	芝	右	1200	曇	稍重	11:25	4歳未勝利		1991-5-4	1	新潟	6	4歳未勝利	(馬齢)	7	920	4	7	180	4	3	110	1	6.0	110	2.0	3-7	960	4																							12.5 - 11.2 - 11.9 - 11.9 - 11.8 - 12.3	12.5 - 23.7 - 35.6 - 47.5 - 59.3 - 71.6 (12.5-12.5)
199104010604	芝	右	1400	曇	稍重	11:55	4歳未勝利		1991-5-4	1	新潟	6	4歳未勝利	(馬齢)	6	160	1	6	110	1	4	130	2	5.0	410	8.0	4-6	220	1																							12.7 - 10.9 - 11.2 - 12.1 - 12.2 - 12.1 - 12.2	12.7 - 23.6 - 34.8 - 46.9 - 59.1 - 71.2 - 83.4 (12.7-12.7)
199104010605	芝	右	1600	曇	稍重	12:55	4歳未勝利		1991-5-4	1	新潟	6	4歳未勝利	(混)(馬齢)	10	790	4	10	210	3	1	220	4	4.0	170	2.0	1-8	1620	9																							12.6 - 11.8 - 11.8 - 11.5 - 12.6 - 12.5 - 12.8 - 12.6	12.6 - 24.4 - 36.2 - 47.7 - 60.3 - 72.8 - 85.6 - 98.2 (12.6-12.6)
199104010606	ダ	右	1200	曇	稍重	13:25	4歳以上500万下		1991-5-4	1	新潟	6	4歳以上500万下	(別定)	6	1160	4	6	230	3	1	180	2	8.0	240	4.0	1-6	2880	11																							12.6 - 11.3 - 11.6 - 12.7 - 12.9 - 12.7	12.6 - 23.9 - 35.5 - 48.2 - 61.1 - 73.8 (12.6-12.6)
199104010607	芝	右	2200	晴	稍重	14:00	こけもも賞 		1991-5-4	1	新潟	6	4歳500万下	(混)(馬齢)	6	310	1	6	170	1	7	220	3				6-7	740	2																							13.1 - 11.5 - 12.9 - 13.0 - 13.2 - 12.8 - 12.3 - 12.3 - 12.1 - 12.0 - 12.3	13.1 - 24.6 - 37.5 - 50.5 - 63.7 - 76.5 - 88.8 - 101.1 - 113.2 - 125.2 - 137.5 (13.1-13.1)
199104010608	芝	右	1600	晴	稍重	14:35	4歳以上500万下		1991-5-4	1	新潟	6	4歳以上500万下	(別定)	12	280	2	12	130	2	8	330	8	7.0	130	1.0	6-8	320	1																							12.3 - 11.5 - 11.7 - 11.8 - 12.5 - 12.2 - 11.7 - 12.6	12.3 - 23.8 - 35.5 - 47.3 - 59.8 - 72.0 - 83.7 - 96.3 (12.3-12.3)
199104010609	芝	右	1200	晴	稍重	15:10	新発田特別 		1991-5-4	1	新潟	6	4歳以上500万下	(別定)	1	210	1	1	130	1	3	230	4				1-3	450	2																							12.7 - 11.0 - 11.7 - 11.6 - 11.9 - 12.5	12.7 - 23.7 - 35.4 - 47.0 - 58.9 - 71.4 (12.7-12.7)
199104010610	芝	右	1600	晴	稍重	15:45	朝日岳特別 		1991-5-4	1	新潟	6	4歳以上900万下	(混)(ハンデ)	9	480	2	9	150	2	4	170	4	1.0	110	1.0	4-8	1160	5																							12.1 - 11.0 - 10.8 - 11.4 - 12.4 - 12.5 - 12.3 - 12.8	12.1 - 23.1 - 33.9 - 45.3 - 57.7 - 70.2 - 82.5 - 95.3 (12.1-12.1)
199104010701	芝	右	1400	曇	良	10:10	4歳以上400万下		1991-5-11	1	新潟	7	4歳以上400万下	[抽](別定)	10	500	4	10	220	4	3	200	3	5.0	540	9.0	3-8	920	6																							12.8 - 11.3 - 11.7 - 12.3 - 12.5 - 12.0 - 12.2	12.8 - 24.1 - 35.8 - 48.1 - 60.6 - 72.6 - 84.8 (12.8-12.8)
199104010702	ダ	右	1700	曇	良	10:35	4歳以上オープン		1991-5-11	1	新潟	7	4歳以上オープン	[抽](別定)	2	560	2	2	160	2	8	180	4	10.0	120	1.0	2-7	1190	5																							7.5 - 11.6 - 12.3 - 12.7 - 12.6 - 13.1 - 13.6 - 13.3 - 13.0	7.5 - 19.1 - 31.4 - 44.1 - 56.7 - 69.8 - 83.4 - 96.7 - 109.7 (7.5-7.5)
199104010703	芝	右	1400	曇	良	11:00	4歳未出走		1991-5-11	1	新潟	7	4歳未出走	(馬齢)	7	370	2	7	180	3	2	180	4	6.0	420	7.0	2-5	1320	5																							12.7 - 10.9 - 11.2 - 12.2 - 12.3 - 12.5 - 12.7	12.7 - 23.6 - 34.8 - 47.0 - 59.3 - 71.8 - 84.5 (12.7-12.7)
199104010704	芝	右	1400	曇	良	11:25	4歳未出走		1991-5-11	1	新潟	7	4歳未出走	(馬齢)	12	650	3	12	210	3	6	320	6	5.0	140	1.0	5-8	2310	10																							12.8 - 11.1 - 11.3 - 12.3 - 12.4 - 11.9 - 12.3	12.8 - 23.9 - 35.2 - 47.5 - 59.9 - 71.8 - 84.1 (12.8-12.8)
199104010705	芝	右	1200	曇	良	11:55	4歳未勝利		1991-5-11	1	新潟	7	4歳未勝利	牝(馬齢)	13	610	3	13	160	2	4	100	1	2.0	220	6.0	4-8	660	2																							12.7 - 11.1 - 11.9 - 11.9 - 11.7 - 12.2	12.7 - 23.8 - 35.7 - 47.6 - 59.3 - 71.5 (12.7-12.7)
199104010706	芝	右	2000	曇	良	12:55	4歳未勝利		1991-5-11	1	新潟	7	4歳未勝利	(馬齢)	8	780	4	8	380	7	6	360	6	9.0	330	5.0	5-6	2230	9																							12.7 - 11.7 - 12.4 - 13.5 - 12.5 - 12.8 - 12.9 - 12.3 - 12.1 - 12.3	12.7 - 24.4 - 36.8 - 50.3 - 62.8 - 75.6 - 88.5 - 100.8 - 112.9 - 125.2 (12.7-12.7)
199104010707	ダ	右	1200	晴	良	13:25	4歳以上500万下		1991-5-11	1	新潟	7	4歳以上500万下	牝(別定)	6	1350	4	6	180	4	2	440	8	4.0	110	1.0	2-6	19230	26																							12.7 - 11.6 - 12.0 - 12.6 - 13.0 - 12.6	12.7 - 24.3 - 36.3 - 48.9 - 61.9 - 74.5 (12.7-12.7)
199104010708	芝	右	1200	晴	良	14:00	4歳以上500万下		1991-5-11	1	新潟	7	4歳以上500万下	(混)(別定)	9	170	1	9	100	1	11	150	2	5.0	160	3.0	6-7	350	1																							12.7 - 11.0 - 11.6 - 11.6 - 11.6 - 11.7	12.7 - 23.7 - 35.3 - 46.9 - 58.5 - 70.2 (12.7-12.7)
199104010709	芝	右	1600	晴	良	14:35	わらび賞 		1991-5-11	1	新潟	7	4歳500万下	(混)(馬齢)	5	1370	4	5	250	5	12	120	1	2.0	340	6.0	4-8	820	4																							12.4 - 11.9 - 11.6 - 12.0 - 12.5 - 12.3 - 12.0 - 12.0	12.4 - 24.3 - 35.9 - 47.9 - 60.4 - 72.7 - 84.7 - 96.7 (12.4-12.4)
199104010710	芝	右	2200	晴	良	15:10	胎内川特別 		1991-5-11	1	新潟	7	4歳以上500万下	(別定)	9	930	3	9	150	3	5	110	1	1.0	140	2.0	4-6	540	2																							13.1 - 10.9 - 12.3 - 12.4 - 13.1 - 12.3 - 12.4 - 12.7 - 12.2 - 12.0 - 12.0	13.1 - 24.0 - 36.3 - 48.7 - 61.8 - 74.1 - 86.5 - 99.2 - 111.4 - 123.4 - 135.4 (13.1-13.1)
199104010711	芝	右	2000	晴	良	15:45	金北山特別 		1991-5-11	1	新潟	7	4歳以上900万下	(混)(別定)	8	410	2	8	170	2	2	170	4	6.0	130	1.0	2-8	1320	6																							12.9 - 12.3 - 12.8 - 12.9 - 12.4 - 12.4 - 12.4 - 12.1 - 12.0 - 11.6	12.9 - 25.2 - 38.0 - 50.9 - 63.3 - 75.7 - 88.1 - 100.2 - 112.2 - 123.8 (12.9-12.9)
199104010801	芝	右	2000	曇	良	10:10	4歳以上700万下		1991-5-12	1	新潟	8	4歳以上700万下	[抽](別定)	4	550	4	4	380	4	1	420	5				1-4	1590	8																							13.5 - 13.5 - 13.1 - 12.9 - 12.1 - 11.9 - 12.5 - 12.6 - 12.3 - 12.7	13.5 - 27.0 - 40.1 - 53.0 - 65.1 - 77.0 - 89.5 - 102.1 - 114.4 - 127.1 (13.5-13.5)
199104010802	芝	右	1200	曇	良	10:35	4歳未出走		1991-5-12	1	新潟	8	4歳未出走	(馬齢)	10	250	1	10	120	2	3	150	4	8.0	120	1.0	3-7	800	5																							12.6 - 11.3 - 12.1 - 11.9 - 11.3 - 12.1	12.6 - 23.9 - 36.0 - 47.9 - 59.2 - 71.3 (12.6-12.6)
199104010803	芝	右	2000	曇	良	11:00	4歳未出走		1991-5-12	1	新潟	8	4歳未出走	(混)(馬齢)	11	690	3	11	190	4	1	130	2	4.0	110	1.0	1-8	830	3																							13.1 - 12.8 - 13.2 - 13.8 - 13.9 - 13.2 - 12.6 - 12.3 - 11.5 - 11.9	13.1 - 25.9 - 39.1 - 52.9 - 66.8 - 80.0 - 92.6 - 104.9 - 116.4 - 128.3 (13.1-13.1)
199104010804	ダ	右	1700	曇	良	11:25	4歳未勝利		1991-5-12	1	新潟	8	4歳未勝利	(混)(馬齢)	3	380	2	3	170	4	11	160	3	5.0	130	1.0	3-8	1100	6																							7.3 - 11.1 - 12.5 - 13.2 - 13.3 - 12.8 - 13.6 - 14.2 - 13.3	7.3 - 18.4 - 30.9 - 44.1 - 57.4 - 70.2 - 83.8 - 98.0 - 111.3 (7.3-7.3)
199104010805	芝	右	1400	曇	良	11:55	4歳未勝利		1991-5-12	1	新潟	8	4歳未勝利	(馬齢)	3	200	1	3	120	1	7	140	2	4.0	170	4.0	3-7	420	1																							12.5 - 10.7 - 11.2 - 12.4 - 12.0 - 12.4 - 12.6	12.5 - 23.2 - 34.4 - 46.8 - 58.8 - 71.2 - 83.8 (12.5-12.5)
199104010806	芝	右	1400	曇	良	12:55	4歳未勝利		1991-5-12	1	新潟	8	4歳未勝利	(馬齢)	1	130	1	1	110	1	2	170	3	7.0	180	4.0	1-2	490	2																							12.7 - 10.9 - 11.4 - 12.0 - 12.4 - 11.8 - 12.7	12.7 - 23.6 - 35.0 - 47.0 - 59.4 - 71.2 - 83.9 (12.7-12.7)
199104010807	芝	右	1600	曇	良	13:25	4歳未勝利		1991-5-12	1	新潟	8	4歳未勝利	(馬齢)	6	1320	5	6	280	5	11	150	2	1.0	200	3.0	5-7	430	1																							12.2 - 11.5 - 11.4 - 11.5 - 12.0 - 12.2 - 12.4 - 12.9	12.2 - 23.7 - 35.1 - 46.6 - 58.6 - 70.8 - 83.2 - 96.1 (12.2-12.2)
199104010808	芝	右	1400	曇	良	14:00	4歳以上500万下		1991-5-12	1	新潟	8	4歳以上500万下	(別定)	4	290	1	4	170	2	7	280	5	2.0	280	6.0	4-5	940	4																							12.6 - 10.8 - 11.0 - 11.9 - 12.3 - 11.9 - 12.4	12.6 - 23.4 - 34.4 - 46.3 - 58.6 - 70.5 - 82.9 (12.6-12.6)
199104010809	ダ	右	1700	曇	良	14:35	清津峡特別 		1991-5-12	1	新潟	8	4歳以上500万下	(混)(別定)	11	1020	5	11	250	6	4	200	3	6.0	130	1.0	4-8	6600	22																							7.4 - 11.3 - 12.5 - 12.3 - 13.0 - 12.7 - 13.2 - 13.3 - 12.4	7.4 - 18.7 - 31.2 - 43.5 - 56.5 - 69.2 - 82.4 - 95.7 - 108.1 (7.4-7.4)
199104010810	芝	右	1600	曇	良	15:10	松浜特別 		1991-5-12	1	新潟	8	4歳以上500万下	(別定)	2	360	2	2	160	2	5	200	4	9.0	180	3.0	2-5	1470	8																							12.4 - 11.2 - 11.4 - 12.1 - 12.6 - 12.7 - 11.9 - 12.1	12.4 - 23.6 - 35.0 - 47.1 - 59.7 - 72.4 - 84.3 - 96.4 (12.4-12.4)
199104010811	芝	右	2200	曇	良	15:45	新潟大賞典	G3	1991-5-12	1	新潟	8	4歳以上オープン	(ハンデ)	5	220	1	5	130	1	6	240	5	8.0	680	9.0	5-6	1520	6																							12.8 - 11.2 - 12.4 - 12.6 - 12.9 - 12.7 - 12.5 - 12.2 - 12.2 - 11.3 - 11.5	12.8 - 24.0 - 36.4 - 49.0 - 61.9 - 74.6 - 87.1 - 99.3 - 111.5 - 122.8 - 134.3 (12.8-12.8)
199104010812	芝	右	2000	曇	良	16:15	4歳以上500万下		1991-5-12	1	新潟	8	4歳以上500万下	(別定)	7	250	1	7	130	1	13	370	9	4.0	150	2.0	5-8	860	3																							12.9 - 12.4 - 12.8 - 13.2 - 12.8 - 12.1 - 11.9 - 12.0 - 12.1 - 12.1	12.9 - 25.3 - 38.1 - 51.3 - 64.1 - 76.2 - 88.1 - 100.1 - 112.2 - 124.3 (12.9-12.9)
199104020101	芝	右	1200	小雨	不良	10:10	3歳未勝利		1991-7-13	2	新潟	1	3歳未勝利	[抽](馬齢)	6	140	1	6	110	1	1	380	6	2.0	160	3.0	1-6	1750	6																							12.5 - 11.5 - 11.8 - 12.3 - 12.5 - 12.0	12.5 - 24.0 - 35.8 - 48.1 - 60.6 - 72.6 (12.5-12.5)
199104020102	ダ	右	1000	小雨	不良	10:35	4歳未勝利		1991-7-13	2	新潟	1	4歳未勝利	(馬齢)	8	140	1	8	100	1	1	230	6	6.0	140	2.0	1-8	980	4																							12.9 - 11.3 - 12.4 - 12.2 - 12.4	12.9 - 24.2 - 36.6 - 48.8 - 61.2 (12.9-12.9)
199104020103	芝	右	1000	小雨	不良	11:00	3歳新馬		1991-7-13	2	新潟	1	3歳新馬	(馬齢)	5	330	2	5	150	2	1	170	3	6.0	340	5.0	1-5	1030	4																							12.2 - 10.9 - 11.8 - 11.6 - 11.4	12.2 - 23.1 - 34.9 - 46.5 - 57.9 (12.2-12.2)
199104020104	芝	右	1800	小雨	不良	11:25	4歳未勝利		1991-7-13	2	新潟	1	4歳未勝利	(馬齢)	9	370	3	9	160	3	4	210	5	8.0	150	2.0	4-8	860	5																							12.8 - 11.7 - 12.5 - 12.5 - 12.3 - 12.3 - 12.6 - 12.1 - 11.6	12.8 - 24.5 - 37.0 - 49.5 - 61.8 - 74.1 - 86.7 - 98.8 - 110.4 (12.8-12.8)
199104020105	障		2800	小雨	不良	11:55	障害4歳以上未勝利		1991-7-13	2	新潟	1	障害4歳以上未勝利	(馬齢)	1	200	2	1	110	2	5	100	1				1-5	150	1																								
199104020106	芝	右	1200	小雨	不良	12:55	4歳未勝利		1991-7-13	2	新潟	1	4歳未勝利	(馬齢)	11	130	1	11	100	1	5	170	2	9.0	190	3.0	3-6	440	1																							12.4 - 10.8 - 11.4 - 12.4 - 11.9 - 11.7	12.4 - 23.2 - 34.6 - 47.0 - 58.9 - 70.6 (12.4-12.4)
199104020107	ダ	右	1700	小雨	不良	13:25	4歳以上500万下		1991-7-13	2	新潟	1	4歳以上500万下	(父)(別定)	7	950	3	7	230	4	2	120	1	9.0	380	8.0	2-7	760	3																							7.6 - 11.1 - 12.2 - 12.8 - 12.7 - 12.8 - 13.5 - 13.3 - 12.8	7.6 - 18.7 - 30.9 - 43.7 - 56.4 - 69.2 - 82.7 - 96.0 - 108.8 (7.6-7.6)
199104020108	芝	右	1600	小雨	不良	13:55	4歳以上500万下		1991-7-13	2	新潟	1	4歳以上500万下	(別定)	4	730	3	4	280	4	10	160	2	9.0	250	3.0	4-8	750	4																							12.9 - 11.3 - 11.1 - 11.7 - 12.2 - 12.2 - 12.4 - 12.3	12.9 - 24.2 - 35.3 - 47.0 - 59.2 - 71.4 - 83.8 - 96.1 (12.9-12.9)
199104020109	ダ	右	1700	曇	不良	14:30	咲花特別 		1991-7-13	2	新潟	1	4歳以上500万下	(混)(別定)	6	580	3	6	210	3	2	180	2	3.0	220	5.0	2-6	730	3																							7.4 - 10.8 - 11.7 - 12.6 - 12.5 - 12.5 - 13.3 - 13.4 - 12.6	7.4 - 18.2 - 29.9 - 42.5 - 55.0 - 67.5 - 80.8 - 94.2 - 106.8 (7.4-7.4)
199104020110	芝	右	2000	曇	不良	15:05	新津特別 		1991-7-13	2	新潟	1	4歳以上500万下	(別定)	6	240	1	6	120	1	1	160	2	5.0	180	4.0	1-6	600	1																							12.9 - 11.7 - 12.2 - 11.5 - 11.9 - 12.2 - 12.3 - 12.5 - 12.0 - 11.7	12.9 - 24.6 - 36.8 - 48.3 - 60.2 - 72.4 - 84.7 - 97.2 - 109.2 - 120.9 (12.9-12.9)
199104020111	芝	右	1600	曇	重	15:40	弥彦特別 		1991-7-13	2	新潟	1	4歳以上900万下	(混)(別定)	7	620	4	7	160	4	8	150	3	9.0	150	2.0	5-6	640	2																							12.7 - 10.8 - 11.0 - 11.6 - 12.6 - 12.7 - 12.0 - 12.0	12.7 - 23.5 - 34.5 - 46.1 - 58.7 - 71.4 - 83.4 - 95.4 (12.7-12.7)
199104020201	ダ	右	1200	曇	重	10:10	4歳未勝利		1991-7-14	2	新潟	2	4歳未勝利	牝(馬齢)	1	380	2	1	150	1	4	180	4	11.0	400	6.0	1-4	950	5																							12.3 - 11.2 - 11.6 - 12.7 - 13.3 - 12.8	12.3 - 23.5 - 35.1 - 47.8 - 61.1 - 73.9 (12.3-12.3)
199104020202	ダ	右	1700	晴	重	10:35	4歳未勝利		1991-7-14	2	新潟	2	4歳未勝利	(混)(馬齢)	1	470	3	1	160	3	4	130	2	2.0	200	4.0	1-4	580	2																							7.3 - 10.9 - 12.0 - 12.2 - 13.0 - 12.6 - 13.1 - 13.5 - 13.0	7.3 - 18.2 - 30.2 - 42.4 - 55.4 - 68.0 - 81.1 - 94.6 - 107.6 (7.3-7.3)
199104020203	ダ	右	1700	晴	重	11:00	4歳未勝利		1991-7-14	2	新潟	2	4歳未勝利	(混)(馬齢)	5	450	3	5	180	3	1	440	6	4.0	1,100	9.0	1-5	5950	18																							7.3 - 11.2 - 12.5 - 12.8 - 12.7 - 12.5 - 13.3 - 13.3 - 12.7	7.3 - 18.5 - 31.0 - 43.8 - 56.5 - 69.0 - 82.3 - 95.6 - 108.3 (7.3-7.3)
199104020204	芝	右	1200	晴	稍重	11:25	3歳新馬		1991-7-14	2	新潟	2	3歳新馬	(混)(馬齢)	5	200	1	5	140	1	1	230	4				1-5	750	3																							12.7 - 10.8 - 11.3 - 12.0 - 12.4 - 12.8	12.7 - 23.5 - 34.8 - 46.8 - 59.2 - 72.0 (12.7-12.7)
199104020205	芝	右	1000	晴	稍重	11:55	3歳新馬		1991-7-14	2	新潟	2	3歳新馬	牝(馬齢)	7	490	2	7	160	2	2	140	1	11.0	180	4.0	2-6	480	1																							12.1 - 10.6 - 11.6 - 11.8 - 12.2	12.1 - 22.7 - 34.3 - 46.1 - 58.3 (12.1-12.1)
199104020206	芝	右	1600	晴	稍重	12:55	4歳未勝利		1991-7-14	2	新潟	2	4歳未勝利	(馬齢)	9	1350	5	9	340	6	8	330	5	7.0	160	2.0	4-5	1180	4																							12.6 - 10.8 - 11.1 - 12.0 - 12.5 - 12.7 - 12.4 - 11.9	12.6 - 23.4 - 34.5 - 46.5 - 59.0 - 71.7 - 84.1 - 96.0 (12.6-12.6)
199104020207	芝	右	2000	晴	稍重	13:25	4歳未勝利		1991-7-14	2	新潟	2	4歳未勝利	(馬齢)	1	1190	4	1	410	4	6	430	5	8.0	1,090	12.0	1-4	5400	20																							12.8 - 11.8 - 12.9 - 12.6 - 12.5 - 12.3 - 12.5 - 12.3 - 12.0 - 12.2	12.8 - 24.6 - 37.5 - 50.1 - 62.6 - 74.9 - 87.4 - 99.7 - 111.7 - 123.9 (12.8-12.8)
199104020208	ダ	右	1000	晴	稍重	13:55	4歳以上500万下		1991-7-14	2	新潟	2	4歳以上500万下	牝(別定)	3	510	3	3	160	3	7	160	2	4.0	540	8.0	3-7	300	1																							12.3 - 10.4 - 11.8 - 12.4 - 12.5	12.3 - 22.7 - 34.5 - 46.9 - 59.4 (12.3-12.3)
199104020209	芝	右	1400	晴	良	14:30	おけさ特別 		1991-7-14	2	新潟	2	4歳以上500万下	(別定)	5	350	2	5	180	2	2	380	7	1.0	230	4.0	2-5	3580	13																							12.5 - 10.6 - 11.2 - 11.8 - 11.9 - 12.0 - 12.1	12.5 - 23.1 - 34.3 - 46.1 - 58.0 - 70.0 - 82.1 (12.5-12.5)
199104020210	芝	右	2000	晴	良	15:05	阿賀野川特別 		1991-7-14	2	新潟	2	4歳以上900万下	(混)(別定)	6	390	2	6	140	2	4	170	3	7.0	180	4.0	4-6	620	2																							12.8 - 11.8 - 12.2 - 11.7 - 12.1 - 12.0 - 12.2 - 12.5 - 12.3 - 12.0	12.8 - 24.6 - 36.8 - 48.5 - 60.6 - 72.6 - 84.8 - 97.3 - 109.6 - 121.6 (12.8-12.8)
199104020211	芝	右	1200	晴	良	15:40	BSN杯 		1991-7-14	2	新潟	2	4歳以上オープン	(混)(別定)	6	390	2	6	160	3	7	360	8	10.0	120	1.0	6-6	5400	16																							11.7 - 10.8 - 11.0 - 11.8 - 11.6 - 11.7	11.7 - 22.5 - 33.5 - 45.3 - 56.9 - 68.6 (11.7-11.7)
199104020212	芝	右	1800	晴	良	16:15	4歳以上500万下		1991-7-14	2	新潟	2	4歳以上500万下	(混)(別定)	5	870	4	5	190	2	3	200	3	7.0	260	4.0	3-5	2080	9																							12.8 - 11.7 - 11.8 - 11.5 - 11.9 - 12.2 - 12.7 - 12.8 - 12.3	12.8 - 24.5 - 36.3 - 47.8 - 59.7 - 71.9 - 84.6 - 97.4 - 109.7 (12.8-12.8)
199104020301	ダ	右	1000	雨	稍重	10:10	3歳未勝利		1991-7-20	2	新潟	3	3歳未勝利	[抽](馬齢)	1	250	1	1	140	1	8	270	6	12.0	200	4.0	1-6	1010	5																							12.9 - 11.5 - 12.7 - 12.3 - 12.2	12.9 - 24.4 - 37.1 - 49.4 - 61.6 (12.9-12.9)
199104020302	芝	右	1000	雨	良	10:35	4歳未勝利		1991-7-20	2	新潟	3	4歳未勝利	(馬齢)	4	410	3	4	150	4	8	150	3	6.0	130	1.0	4-7	1110	8																							12.2 - 11.0 - 11.8 - 11.9 - 11.9	12.2 - 23.2 - 35.0 - 46.9 - 58.8 (12.2-12.2)
199104020303	ダ	右	1700	雨	不良	11:00	4歳未勝利		1991-7-20	2	新潟	3	4歳未勝利	(馬齢)	5	160	1	5	120	1	10	280	6	6.0	270	5.0	5-7	750	4																							7.4 - 10.8 - 12.2 - 12.7 - 12.9 - 12.7 - 13.0 - 13.0 - 13.4	7.4 - 18.2 - 30.4 - 43.1 - 56.0 - 68.7 - 81.7 - 94.7 - 108.1 (7.4-7.4)
199104020304	芝	右	1000	雨	不良	11:25	3歳新馬		1991-7-20	2	新潟	3	3歳新馬	(混)(馬齢)	4	600	2	4	160	2	5	190	3	7.0	200	4.0	4-5	1630	6																							12.2 - 10.8 - 11.9 - 11.8 - 12.3	12.2 - 23.0 - 34.9 - 46.7 - 59.0 (12.2-12.2)
199104020305	芝	右	1400	雨	不良	11:55	4歳未勝利		1991-7-20	2	新潟	3	4歳未勝利	(馬齢)	8	280	1	8	140	1	1	410	7	9.0	1,170	10.0	1-6	2710	9																							12.5 - 10.9 - 11.7 - 12.1 - 12.7 - 12.6 - 12.8	12.5 - 23.4 - 35.1 - 47.2 - 59.9 - 72.5 - 85.3 (12.5-12.5)
199104020306	芝	右	2200	雨	不良	12:55	4歳未勝利		1991-7-20	2	新潟	3	4歳未勝利	(混)(馬齢)	3	250	1	3	120	1	6	130	3	2.0	130	2.0	3-5	450	1																							13.0 - 11.2 - 12.5 - 13.1 - 13.0 - 13.4 - 12.9 - 13.1 - 13.1 - 12.7 - 12.4	13.0 - 24.2 - 36.7 - 49.8 - 62.8 - 76.2 - 89.1 - 102.2 - 115.3 - 128.0 - 140.4 (13.0-13.0)
199104020307	ダ	右	1700	雨	不良	13:25	4歳以上500万下		1991-7-20	2	新潟	3	4歳以上500万下	(別定)	11	610	2	11	190	2	10	290	4	4.0	770	9.0	7-8	1420	5																							7.3 - 11.3 - 12.1 - 12.7 - 12.8 - 12.6 - 13.2 - 13.3 - 13.2	7.3 - 18.6 - 30.7 - 43.4 - 56.2 - 68.8 - 82.0 - 95.3 - 108.5 (7.3-7.3)
199104020308	ダ	右	1700	雨	不良	13:55	4歳以上500万下		1991-7-20	2	新潟	3	4歳以上500万下	(別定)	1	720	4	1	260	4	9	190	3	4.0	1,010	11.0	1-7	1390	7																							7.2 - 10.8 - 12.1 - 12.8 - 12.7 - 12.8 - 13.2 - 13.2 - 12.7	7.2 - 18.0 - 30.1 - 42.9 - 55.6 - 68.4 - 81.6 - 94.8 - 107.5 (7.2-7.2)
199104020309	障		2800	曇	不良	14:30	新潟障害ステークス 		1991-7-20	2	新潟	3	障害4歳以上オープン	(別定)	2	180	1	2	120	1	1	400	7	6.0	140	2.0	1-2	2910	11																								
199104020310	芝	右	1600	曇	不良	15:05	相川特別 		1991-7-20	2	新潟	3	4歳以上500万下	(混)(別定)	10	220	1	10	120	1	3	120	2	5.0	190	4.0	3-8	430	2																							12.5 - 10.9 - 11.6 - 12.0 - 12.6 - 13.1 - 12.4 - 12.0	12.5 - 23.4 - 35.0 - 47.0 - 59.6 - 72.7 - 85.1 - 97.1 (12.5-12.5)
199104020311	芝	右	1800	曇	不良	15:40	信濃川特別 		1991-7-20	2	新潟	3	4歳以上900万下	牝(別定)	3	520	4	3	210	4	7	170	1	1.0	320	7.0	3-7	1190	5																							12.4 - 11.7 - 12.8 - 12.6 - 12.7 - 12.1 - 12.2 - 12.4 - 12.0	12.4 - 24.1 - 36.9 - 49.5 - 62.2 - 74.3 - 86.5 - 98.9 - 110.9 (12.4-12.4)
199104020401	ダ	右	1000	曇	重	10:10	4歳未勝利		1991-7-21	2	新潟	4	4歳未勝利	(馬齢)	8	150	1	8	100	1	2	120	2	9.0	150	3.0	2-7	380	1																							12.7 - 11.0 - 11.7 - 11.8 - 12.0	12.7 - 23.7 - 35.4 - 47.2 - 59.2 (12.7-12.7)
199104020402	芝	右	1800	晴	重	10:35	4歳未勝利		1991-7-21	2	新潟	4	4歳未勝利	牝(馬齢)	3	870	4	3	190	3	1	140	2	4.0	130	1.0	1-2	1520	7																							12.4 - 11.2 - 12.0 - 12.3 - 12.0 - 12.1 - 12.8 - 12.5 - 12.4	12.4 - 23.6 - 35.6 - 47.9 - 59.9 - 72.0 - 84.8 - 97.3 - 109.7 (12.4-12.4)
199104020403	芝	右	1200	晴	重	11:00	3歳新馬		1991-7-21	2	新潟	4	3歳新馬	(馬齢)	8	1350	4	8	260	4	4	310	5	3.0	140	1.0	4-6	9710	24																							12.6 - 11.0 - 11.7 - 12.4 - 12.7 - 12.4	12.6 - 23.6 - 35.3 - 47.7 - 60.4 - 72.8 (12.6-12.6)
199104020404	芝	右	1600	晴	重	11:25	4歳未勝利		1991-7-21	2	新潟	4	4歳未勝利	(馬齢)	7	960	7	7	280	8	6	190	2	11.0	150	1.0	4-5	1830	11																							12.6 - 11.0 - 11.6 - 12.2 - 12.9 - 12.9 - 12.4 - 11.9	12.6 - 23.6 - 35.2 - 47.4 - 60.3 - 73.2 - 85.6 - 97.5 (12.6-12.6)
199104020405	障		2800	晴	重	11:55	障害4歳以上未勝利		1991-7-21	2	新潟	4	障害4歳以上未勝利	(混)(馬齢)	2	140	1	2	110	1	5	140	2				2-5	210	1																								
199104020406	芝	右	2000	晴	重	12:55	4歳未勝利		1991-7-21	2	新潟	4	4歳未勝利	(父)(馬齢)	8	180	1	8	110	1	6	150	3	9.0	350	6.0	6-8	560	2																							12.9 - 11.4 - 11.9 - 11.7 - 11.9 - 12.4 - 12.8 - 12.7 - 12.4 - 12.0	12.9 - 24.3 - 36.2 - 47.9 - 59.8 - 72.2 - 85.0 - 97.7 - 110.1 - 122.1 (12.9-12.9)
199104020407	ダ	右	1200	晴	稍重	13:25	4歳以上500万下		1991-7-21	2	新潟	4	4歳以上500万下	(別定)	5	200	1	5	120	1	8	130	2	7.0	170	5.0	5-8	420	1																							12.5 - 11.4 - 11.6 - 11.9 - 12.5 - 12.3	12.5 - 23.9 - 35.5 - 47.4 - 59.9 - 72.2 (12.5-12.5)
199104020408	ダ	右	1200	晴	稍重	13:55	4歳以上500万下		1991-7-21	2	新潟	4	4歳以上500万下	(別定)	2	1580	5	2	210	5	4	100	1	7.0	300	7.0	2-4	590	4																							12.4 - 11.3 - 11.6 - 12.2 - 12.8 - 12.6	12.4 - 23.7 - 35.3 - 47.5 - 60.3 - 72.9 (12.4-12.4)
199104020409	芝	右	2200	晴	稍重	14:30	三面川特別 		1991-7-21	2	新潟	4	4歳以上500万下	(別定)	11	360	2	11	130	2	9	140	3	3.0	130	1.0	6-7	850	5																							12.9 - 11.0 - 11.9 - 12.8 - 12.8 - 12.5 - 12.5 - 12.5 - 12.6 - 12.0 - 11.8	12.9 - 23.9 - 35.8 - 48.6 - 61.4 - 73.9 - 86.4 - 98.9 - 111.5 - 123.5 - 135.3 (12.9-12.9)
199104020410	ダ	右	1700	晴	稍重	15:05	麒麟山特別 		1991-7-21	2	新潟	4	4歳以上900万下	(混)(別定)	7	170	1	7	100	1	12	130	2	10.0	200	5.0	6-8	330	1																							7.3 - 10.8 - 11.7 - 12.5 - 12.3 - 12.4 - 12.6 - 12.8 - 12.5	7.3 - 18.1 - 29.8 - 42.3 - 54.6 - 67.0 - 79.6 - 92.4 - 104.9 (7.3-7.3)
199104020411	芝	右	1800	晴	稍重	15:40	朱鷺ステークス 		1991-7-21	2	新潟	4	4歳以上オープン	(混)(ハンデ)	5	170	1	5	110	1	6	230	5	1.0	350	7.0	5-6	1050	4																							13.4 - 12.1 - 12.7 - 12.2 - 12.3 - 12.2 - 11.9 - 11.9 - 11.0	13.4 - 25.5 - 38.2 - 50.4 - 62.7 - 74.9 - 86.8 - 98.7 - 109.7 (13.4-13.4)
199104020412	芝	右	1000	晴	稍重	16:15	4歳以上500万下		1991-7-21	2	新潟	4	4歳以上500万下	(混)(別定)	1	250	1	1	120	2	5	120	1	2.0	220	5.0	1-5	370	1																							12.3 - 10.8 - 11.4 - 11.6 - 11.4	12.3 - 23.1 - 34.5 - 46.1 - 57.5 (12.3-12.3)
199104020501	芝	右	1200	晴	良	10:10	3歳未勝利		1991-7-27	2	新潟	5	3歳未勝利	[抽](馬齢)	5	330	2	5	110	2	10	140	4	7.0	110	1.0	5-8	1000	5																							12.5 - 10.9 - 11.6 - 12.4 - 12.8 - 12.7	12.5 - 23.4 - 35.0 - 47.4 - 60.2 - 72.9 (12.5-12.5)
199104020502	芝	右	1200	晴	良	10:35	4歳未勝利		1991-7-27	2	新潟	5	4歳未勝利	(馬齢)	12	320	2	12	150	2	10	290	4	14.0	2,800	14.0	6-7	1380	7																							12.1 - 10.8 - 11.1 - 12.0 - 12.4 - 12.6	12.1 - 22.9 - 34.0 - 46.0 - 58.4 - 71.0 (12.1-12.1)
199104020503	芝	右	1400	晴	良	11:00	4歳未勝利		1991-7-27	2	新潟	5	4歳未勝利	(馬齢)	11	310	2	11	120	2	12	130	3	15.0	110	1.0	6-6	650	2																							12.1 - 10.9 - 11.5 - 11.5 - 12.0 - 12.2 - 12.4	12.1 - 23.0 - 34.5 - 46.0 - 58.0 - 70.2 - 82.6 (12.1-12.1)
199104020504	ダ	右	1700	晴	良	11:25	4歳未勝利		1991-7-27	2	新潟	5	4歳未勝利	牝(馬齢)	8	3260	7	8	180	4	4	110	2	3.0	110	1.0	4-7	2230	7																							7.2 - 11.0 - 12.3 - 12.5 - 12.7 - 12.8 - 12.9 - 13.3 - 13.1	7.2 - 18.2 - 30.5 - 43.0 - 55.7 - 68.5 - 81.4 - 94.7 - 107.8 (7.2-7.2)
199104020505	障		2800	晴	良	11:55	障害4歳以上未勝利		1991-7-27	2	新潟	5	障害4歳以上未勝利	(馬齢)	5	180	1	5	130	2	1	240	5	3.0	200	4.0	1-5	1010	6																								
199104020506	芝	右	1800	晴	良	12:55	4歳未勝利		1991-7-27	2	新潟	5	4歳未勝利	(馬齢)	4	130	1	4	100	1	9	140	3	10.0	130	2.0	4-8	200	1																							12.8 - 11.8 - 12.4 - 12.2 - 12.0 - 12.2 - 12.4 - 12.2 - 12.0	12.8 - 24.6 - 37.0 - 49.2 - 61.2 - 73.4 - 85.8 - 98.0 - 110.0 (12.8-12.8)
199104020507	ダ	右	1000	晴	良	13:25	4歳以上500万下		1991-7-27	2	新潟	5	4歳以上500万下	(別定)	1	160	1	1	110	1	5	260	6	8.0	260	5.0	1-5	1020	4																							12.4 - 10.8 - 12.0 - 12.4 - 12.5	12.4 - 23.2 - 35.2 - 47.6 - 60.1 (12.4-12.4)
199104020508	芝	右	1600	晴	良	13:55	4歳以上500万下		1991-7-27	2	新潟	5	4歳以上500万下	(別定)	5	240	1	5	120	2	4	120	1	6.0	270	6.0	4-5	380	1																							12.2 - 10.8 - 11.4 - 11.4 - 11.9 - 12.6 - 12.2 - 12.1	12.2 - 23.0 - 34.4 - 45.8 - 57.7 - 70.3 - 82.5 - 94.6 (12.2-12.2)
199104020509	芝	右	2000	晴	良	14:30	瓢湖特別 		1991-7-27	2	新潟	5	4歳以上500万下	(混)(別定)	9	140	1	9	120	1	5	320	7	4.0	460	8.0	5-8	1280	6																							13.0 - 11.5 - 12.2 - 11.9 - 12.0 - 12.2 - 12.2 - 12.5 - 12.1 - 12.1	13.0 - 24.5 - 36.7 - 48.6 - 60.6 - 72.8 - 85.0 - 97.5 - 109.6 - 121.7 (13.0-13.0)
199104020510	芝	右	1400	晴	良	15:05	加治川特別 		1991-7-27	2	新潟	5	4歳以上900万下	(混)(別定)	14	200	1	14	130	1	7	1,310	13	16.0	450	7.0	4-7	1280	6																							12.0 - 10.8 - 11.2 - 11.4 - 12.2 - 12.2 - 12.6	12.0 - 22.8 - 34.0 - 45.4 - 57.6 - 69.8 - 82.4 (12.0-12.0)
199104020511	ダ	右	1700	曇	良	15:40	北陸ステークス 		1991-7-27	2	新潟	5	4歳以上1500万下	(混)(ハンデ)	1	1450	6	1	360	7	7	170	3	5.0	140	1.0	1-7	2900	12																							7.4 - 11.1 - 12.4 - 12.5 - 12.5 - 12.5 - 12.6 - 12.4 - 12.7	7.4 - 18.5 - 30.9 - 43.4 - 55.9 - 68.4 - 81.0 - 93.4 - 106.1 (7.4-7.4)
199104020601	芝	右	1200	曇	良	10:10	3歳400万下		1991-7-28	2	新潟	6	3歳400万下	[抽](別定)	6	530	2	6	190	2	2	280	6	3.0	240	5.0	2-6	2140	9																							12.3 - 11.0 - 11.3 - 12.0 - 12.1 - 12.3	12.3 - 23.3 - 34.6 - 46.6 - 58.7 - 71.0 (12.3-12.3)
199104020602	ダ	右	1200	曇	良	10:35	4歳未勝利		1991-7-28	2	新潟	6	4歳未勝利	(混)(馬齢)	12	130	1	12	100	1	10	240	6	7.0	150	3.0	7-8	920	5																							12.5 - 11.1 - 11.8 - 12.8 - 12.8 - 12.6	12.5 - 23.6 - 35.4 - 48.2 - 61.0 - 73.6 (12.5-12.5)
199104020603	ダ	右	1700	曇	良	11:00	4歳未勝利		1991-7-28	2	新潟	6	4歳未勝利	(馬齢)	8	710	4	8	210	4	2	120	1	6.0	250	6.0	2-6	760	3																							7.3 - 10.8 - 12.1 - 12.9 - 13.2 - 13.0 - 13.2 - 13.5 - 13.3	7.3 - 18.1 - 30.2 - 43.1 - 56.3 - 69.3 - 82.5 - 96.0 - 109.3 (7.3-7.3)
199104020604	芝	右	1000	曇	良	11:25	3歳新馬		1991-7-28	2	新潟	6	3歳新馬	(混)(馬齢)	7	290	2	7	110	2	3	110	1	1.0	140	3.0	3-7	290	1																							12.5 - 10.9 - 11.5 - 11.8 - 11.8	12.5 - 23.4 - 34.9 - 46.7 - 58.5 (12.5-12.5)
199104020605	芝	右	2000	曇	良	11:55	4歳未勝利		1991-7-28	2	新潟	6	4歳未勝利	(馬齢)	5	730	4	5	180	4	7	120	2	3.0	160	3.0	5-7	940	4																							12.8 - 11.1 - 12.5 - 12.3 - 12.6 - 12.3 - 12.4 - 12.6 - 12.0 - 12.0	12.8 - 23.9 - 36.4 - 48.7 - 61.3 - 73.6 - 86.0 - 98.6 - 110.6 - 122.6 (12.8-12.8)
199104020701	ダ	右	1000	雨	不良	10:10	4歳未勝利		1991-8-3	2	新潟	7	4歳未勝利	(馬齢)	3	520	2	3	130	3	1	110	1	6.0	130	4.0	1-3	470	3																							12.7 - 11.2 - 12.7 - 12.6 - 12.3	12.7 - 23.9 - 36.6 - 49.2 - 61.5 (12.7-12.7)
199104020702	芝	右	1200	雨	不良	10:35	4歳未勝利		1991-8-3	2	新潟	7	4歳未勝利	牝(馬齢)	5	250	1	5	130	1	8	170	3	1.0	180	4.0	4-5	670	3																							12.5 - 10.9 - 11.4 - 12.1 - 12.0 - 12.1	12.5 - 23.4 - 34.8 - 46.9 - 58.9 - 71.0 (12.5-12.5)
199104020703	芝	右	1200	雨	不良	11:00	3歳新馬		1991-8-3	2	新潟	7	3歳新馬	(馬齢)	1	2250	6	1	760	6	4	230	4				1-4	3400	13																							12.0 - 10.8 - 11.4 - 12.5 - 12.6 - 12.9	12.0 - 22.8 - 34.2 - 46.7 - 59.3 - 72.2 (12.0-12.0)
199104020704	ダ	右	1700	曇	不良	11:25	4歳未勝利		1991-8-3	2	新潟	7	4歳未勝利	(馬齢)	5	390	2	5	130	2	3	290	6	7.0	120	1.0	3-5	4130	13																							7.2 - 11.7 - 12.4 - 12.8 - 13.2 - 12.8 - 13.3 - 13.0 - 12.7	7.2 - 18.9 - 31.3 - 44.1 - 57.3 - 70.1 - 83.4 - 96.4 - 109.1 (7.2-7.2)
199104020705	障		2800	曇	不良	11:55	障害4歳以上400万下		1991-8-3	2	新潟	7	障害4歳以上400万下	(混)(馬齢)	5	450	3	5	160	2	3	310	6	1.0	160	3.0	3-5	2410	12																								
199104020706	芝	右	2000	曇	不良	12:55	4歳未勝利		1991-8-3	2	新潟	7	4歳未勝利	(馬齢)	10	280	2	10	130	1	3	140	3	6.0	350	8.0	3-8	350	1																							12.6 - 11.7 - 12.7 - 12.3 - 12.8 - 12.6 - 12.7 - 12.2 - 11.7 - 11.5	12.6 - 24.3 - 37.0 - 49.3 - 62.1 - 74.7 - 87.4 - 99.6 - 111.3 - 122.8 (12.6-12.6)
199104020707	ダ	右	1700	曇	不良	13:25	4歳以上500万下		1991-8-3	2	新潟	7	4歳以上500万下	(別定)	9	780	4	9	200	4	1	130	1	5.0	210	5.0	1-7	690	2																							7.3 - 11.2 - 11.9 - 12.7 - 12.9 - 12.9 - 13.4 - 13.2 - 13.2	7.3 - 18.5 - 30.4 - 43.1 - 56.0 - 68.9 - 82.3 - 95.5 - 108.7 (7.3-7.3)
199104020709	芝	右	1600	曇	不良	14:30	越路特別 		1991-8-3	2	新潟	7	4歳以上500万下	(別定)	1	860	4	1	320	7	7	140	1	2.0	600	12.0	1-5	1220	4																							12.6 - 10.8 - 11.4 - 12.0 - 12.7 - 12.9 - 12.3 - 11.7	12.6 - 23.4 - 34.8 - 46.8 - 59.5 - 72.4 - 84.7 - 96.4 (12.6-12.6)
199104020710	芝	右	1800	曇	不良	15:05	笹山特別 		1991-8-3	2	新潟	7	4歳以上500万下	(別定)	5	480	2	5	210	5	2	130	1	8.0	310	7.0	2-5	820	3																							12.7 - 11.7 - 12.7 - 13.1 - 12.7 - 12.2 - 12.2 - 12.1 - 11.8	12.7 - 24.4 - 37.1 - 50.2 - 62.9 - 75.1 - 87.3 - 99.4 - 111.2 (12.7-12.7)
199104020711	芝	右	1200	曇	不良	15:40	五頭連峰特別 		1991-8-3	2	新潟	7	4歳以上900万下	(ハンデ)	3	470	4	3	140	3	7	130	2	8.0	130	1.0	3-6	430	1																							12.0 - 10.8 - 11.3 - 12.0 - 12.4 - 12.0	12.0 - 22.8 - 34.1 - 46.1 - 58.5 - 70.5 (12.0-12.0)
199104020801	ダ	右	1000	曇	重	10:10	3歳未勝利		1991-8-4	2	新潟	8	3歳未勝利	[抽](馬齢)	1	150	1	1	120	1	7	270	3				1-7	730	2																							13.3 - 11.9 - 12.6 - 12.7 - 12.4	13.3 - 25.2 - 37.8 - 50.5 - 62.9 (13.3-13.3)
199104020802	ダ	右	1200	曇	重	10:35	4歳未勝利		1991-8-4	2	新潟	8	4歳未勝利	(父)(馬齢)	3	690	3	3	140	3	5	100	1	8.0	130	2.0	3-5	410	2																							12.7 - 11.2 - 11.6 - 12.3 - 12.9 - 12.6	12.7 - 23.9 - 35.5 - 47.8 - 60.7 - 73.3 (12.7-12.7)
199104020803	芝	右	1000	曇	重	11:00	3歳新馬		1991-8-4	2	新潟	8	3歳新馬	(馬齢)	3	120	1	3	100	1	1	190	3				1-3	390	3																							12.4 - 11.1 - 11.6 - 11.6 - 12.0	12.4 - 23.5 - 35.1 - 46.7 - 58.7 (12.4-12.4)
199104020804	芝	右	1200	曇	重	11:25	3歳新馬		1991-8-4	2	新潟	8	3歳新馬	(混)(馬齢)	1	190	1	1	120	1	7	170	3				1-7	440	2																							12.3 - 10.6 - 11.4 - 12.6 - 12.5 - 12.4	12.3 - 22.9 - 34.3 - 46.9 - 59.4 - 71.8 (12.3-12.3)
199104020805	芝	右	1600	曇	重	11:55	4歳未勝利		1991-8-4	2	新潟	8	4歳未勝利	(混)(馬齢)	7	220	1	7	110	1	1	130	2	6.0	210	6.0	1-6	470	1																							12.6 - 10.8 - 11.4 - 12.1 - 12.6 - 12.6 - 12.4 - 12.2	12.6 - 23.4 - 34.8 - 46.9 - 59.5 - 72.1 - 84.5 - 96.7 (12.6-12.6)
199104020806	芝	右	1600	小雨	重	12:55	4歳未勝利		1991-8-4	2	新潟	8	4歳未勝利	(混)(馬齢)	1	170	1	1	120	1	4	220	4	8.0	250	6.0	1-4	680	3																							12.4 - 10.8 - 11.3 - 11.9 - 12.2 - 12.4 - 12.6 - 12.9	12.4 - 23.2 - 34.5 - 46.4 - 58.6 - 71.0 - 83.6 - 96.5 (12.4-12.4)
199104020807	芝	右	1800	小雨	重	13:25	4歳未勝利		1991-8-4	2	新潟	8	4歳未勝利	(馬齢)	10	440	2	10	180	2	1	610	7	2.0	530	5.0	1-8	5640	11																							12.5 - 11.3 - 12.4 - 12.4 - 12.1 - 12.2 - 12.8 - 12.7 - 12.9	12.5 - 23.8 - 36.2 - 48.6 - 60.7 - 72.9 - 85.7 - 98.4 - 111.3 (12.5-12.5)
199104020808	ダ	右	1200	小雨	重	13:55	出雲崎特別 		1991-8-4	2	新潟	8	4歳以上500万下	(混)(別定)	4	690	5	4	340	4	1	340	5				1-4	2000	9																							12.2 - 10.8 - 11.1 - 12.6 - 12.7 - 12.3	12.2 - 23.0 - 34.1 - 46.7 - 59.4 - 71.7 (12.2-12.2)
199104020809	芝	右	1200	小雨	重	14:30	4歳以上500万下		1991-8-4	2	新潟	8	4歳以上500万下	(別定)	1	710	4	1	250	4	2	360	7	10.0	220	3.0	1-2	3280	15																							12.0 - 10.6 - 11.1 - 12.5 - 12.2 - 12.2	12.0 - 22.6 - 33.7 - 46.2 - 58.4 - 70.6 (12.0-12.0)
199104020810	芝	右	2200	曇	重	15:05	天の川ステークス 		1991-8-4	2	新潟	8	4歳以上900万下	(混)(別定)	11	280	1	11	140	1	6	410	8	9.0	180	2.0	3-6	2430	10																							12.7 - 10.9 - 12.1 - 12.6 - 12.1 - 12.0 - 12.3 - 12.6 - 12.5 - 12.6 - 12.3	12.7 - 23.6 - 35.7 - 48.3 - 60.4 - 72.4 - 84.7 - 97.3 - 109.8 - 122.4 - 134.7 (12.7-12.7)
199104020811	芝	右	1600	曇	重	15:40	関屋記念	G3	1991-8-4	2	新潟	8	4歳以上オープン	(別定)	12	230	1	12	130	1	10	150	2	4.0	240	5.0	5-6	600	1																							12.1 - 10.6 - 11.1 - 11.8 - 12.2 - 12.3 - 12.0 - 12.1	12.1 - 22.7 - 33.8 - 45.6 - 57.8 - 70.1 - 82.1 - 94.2 (12.1-12.1)
199104020812	芝	右	1800	曇	重	16:15	4歳以上500万下		1991-8-4	2	新潟	8	4歳以上500万下	(別定)	5	610	4	5	170	3	2	230	5	7.0	140	1.0	2-5	2630	11																							12.9 - 12.2 - 13.2 - 13.0 - 12.7 - 12.3 - 12.2 - 11.8 - 12.0	12.9 - 25.1 - 38.3 - 51.3 - 64.0 - 76.3 - 88.5 - 100.3 - 112.3 (12.9-12.9)
199104030201	芝	右	1200	曇	不良	10:10	3歳未勝利		1991-8-11	3	新潟	2	3歳未勝利	[抽](馬齢)	8	440	3	8	190	4	13	310	5	4.0	1,070	11.0	6-8	1050	5																							12.4 - 11.2 - 12.0 - 12.7 - 12.7 - 12.6	12.4 - 23.6 - 35.6 - 48.3 - 61.0 - 73.6 (12.4-12.4)
199104030202	ダ	右	1200	曇	不良	10:35	4歳未勝利		1991-8-11	3	新潟	2	4歳未勝利	(馬齢)	12	300	2	12	120	2	7	110	1	11.0	180	4.0	6-8	250	1																							12.4 - 11.1 - 11.3 - 12.0 - 12.4 - 12.3	12.4 - 23.5 - 34.8 - 46.8 - 59.2 - 71.5 (12.4-12.4)
199104030203	芝	右	1000	曇	不良	11:00	3歳新馬		1991-8-11	3	新潟	2	3歳新馬	牝(馬齢)	3	990	3	3	220	5	1	110	1	6.0	200	4.0	1-3	780	4																							12.6 - 10.9 - 12.0 - 12.3 - 12.1	12.6 - 23.5 - 35.5 - 47.8 - 59.9 (12.6-12.6)
199104030204	芝	右	1200	曇	不良	11:25	3歳新馬		1991-8-11	3	新潟	2	3歳新馬	(馬齢)	7	170	1	7	130	1	10	850	10	5.0	680	9.0	6-8	1060	5																							12.3 - 11.0 - 11.5 - 12.4 - 12.7 - 13.2	12.3 - 23.3 - 34.8 - 47.2 - 59.9 - 73.1 (12.3-12.3)
199104030205	芝	右	1600	曇	不良	11:55	4歳未勝利		1991-8-11	3	新潟	2	4歳未勝利	(馬齢)	10	920	7	10	310	8	8	250	4	3.0	290	5.0	7-8	1530	8																							12.8 - 11.2 - 12.0 - 12.1 - 12.3 - 12.1 - 12.3 - 12.3	12.8 - 24.0 - 36.0 - 48.1 - 60.4 - 72.5 - 84.8 - 97.1 (12.8-12.8)
199104030206	芝	右	1600	曇	重	12:55	4歳未勝利		1991-8-11	3	新潟	2	4歳未勝利	(馬齢)	4	250	1	4	150	2	12	270	4	10.0	590	9.0	4-8	990	4																							12.6 - 10.7 - 11.4 - 11.8 - 12.5 - 12.9 - 13.0 - 12.6	12.6 - 23.3 - 34.7 - 46.5 - 59.0 - 71.9 - 84.9 - 97.5 (12.6-12.6)
199104030207	芝	右	2000	曇	重	13:25	4歳未勝利		1991-8-11	3	新潟	2	4歳未勝利	(馬齢)	2	220	1	2	110	1	7	140	2	9.0	150	3.0	2-5	380	1																							12.6 - 11.2 - 11.7 - 12.3 - 12.5 - 12.5 - 12.9 - 12.7 - 12.8 - 12.4	12.6 - 23.8 - 35.5 - 47.8 - 60.3 - 72.8 - 85.7 - 98.4 - 111.2 - 123.6 (12.6-12.6)
199104030208	ダ	右	1000	曇	重	13:55	4歳以上500万下		1991-8-11	3	新潟	2	4歳以上500万下	(別定)	9	910	4	9	240	5	5	390	6	7.0	160	2.0	5-7	5690	14																							12.4 - 11.2 - 11.7 - 12.0 - 12.0	12.4 - 23.6 - 35.3 - 47.3 - 59.3 (12.4-12.4)
199104030209	芝	右	1600	曇	稍重	14:30	石打特別 		1991-8-11	3	新潟	2	4歳以上500万下	(別定)	5	990	3	5	470	4	7	450	3				5-7	3370	12																							12.4 - 10.8 - 11.5 - 11.8 - 12.3 - 12.2 - 12.4 - 12.6	12.4 - 23.2 - 34.7 - 46.5 - 58.8 - 71.0 - 83.4 - 96.0 (12.4-12.4)
199104030210	ダ	右	1700	曇	重	15:05	瀬波特別 		1991-8-11	3	新潟	2	4歳以上900万下	(混)(別定)	10	330	1	10	140	2	6	130	1	1.0	190	4.0	5-7	450	1																							7.3 - 10.7 - 12.1 - 12.7 - 12.9 - 12.1 - 12.4 - 12.8 - 12.9	7.3 - 18.0 - 30.1 - 42.8 - 55.7 - 67.8 - 80.2 - 93.0 - 105.9 (7.3-7.3)
199104030211	芝	右	1800	曇	稍重	15:40	新潟日報賞 		1991-8-11	3	新潟	2	4歳以上1500万下	(混)(ハンデ)	8	920	6	8	320	6	10	160	2	9.0	200	3.0	7-8	700	3																							12.5 - 11.5 - 12.5 - 12.3 - 12.1 - 11.8 - 11.8 - 12.1 - 12.3	12.5 - 24.0 - 36.5 - 48.8 - 60.9 - 72.7 - 84.5 - 96.6 - 108.9 (12.5-12.5)
199104030212	芝	右	2000	曇	稍重	16:15	4歳以上500万下		1991-8-11	3	新潟	2	4歳以上500万下	牝(別定)	3	190	1	3	120	1	4	190	4	1.0	380	7.0	3-4	750	4																							12.7 - 11.4 - 12.4 - 12.5 - 12.3 - 12.2 - 12.3 - 12.3 - 12.4 - 12.5	12.7 - 24.1 - 36.5 - 49.0 - 61.3 - 73.5 - 85.8 - 98.1 - 110.5 - 123.0 (12.7-12.7)
199104030301	ダ	右	1200	晴	良	10:10	3歳未勝利		1991-8-17	3	新潟	3	3歳未勝利	[抽](馬齢)	8	400	3	8	110	2	3	100	1	5.0	160	4.0	3-8	300	2																							12.8 - 11.9 - 12.6 - 12.9 - 12.9 - 13.0	12.8 - 24.7 - 37.3 - 50.2 - 63.1 - 76.1 (12.8-12.8)
199104030302	ダ	右	1700	晴	良	10:35	4歳未勝利		1991-8-17	3	新潟	3	4歳未勝利	(馬齢)	11	520	2	11	150	2	5	110	1	3.0	290	5.0	5-8	340	1																							7.2 - 11.3 - 12.4 - 12.4 - 13.2 - 13.1 - 13.3 - 13.5 - 14.0	7.2 - 18.5 - 30.9 - 43.3 - 56.5 - 69.6 - 82.9 - 96.4 - 110.4 (7.2-7.2)
199104030303	芝	右	1000	晴	良	11:00	3歳新馬		1991-8-17	3	新潟	3	3歳新馬	(馬齢)	5	200	2	5	100	1	1	100	2				1-5	120	1																							12.3 - 11.1 - 11.6 - 11.6 - 12.3	12.3 - 23.4 - 35.0 - 46.6 - 58.9 (12.3-12.3)
199104030304	芝	右	1400	晴	良	11:25	4歳未勝利		1991-8-17	3	新潟	3	4歳未勝利	(混)(馬齢)	4	1520	5	4	230	5	2	110	1	6.0	130	2.0	2-4	1020	4																							12.6 - 10.6 - 11.4 - 12.0 - 12.3 - 12.4 - 12.2	12.6 - 23.2 - 34.6 - 46.6 - 58.9 - 71.3 - 83.5 (12.6-12.6)
199104030305	障		2800	晴	良	11:55	障害4歳以上オープン		1991-8-17	3	新潟	3	障害4歳以上オープン	(別定)	4	180	1	4	120	1	3	170	3				3-4	400	2																								
199104030306	芝	右	1400	晴	良	12:55	4歳未勝利		1991-8-17	3	新潟	3	4歳未勝利	(混)(馬齢)	12	210	1	12	120	1	2	830	10	1.0	210	4.0	2-8	9820	20																							12.3 - 10.6 - 11.2 - 11.8 - 12.1 - 12.7 - 13.1	12.3 - 22.9 - 34.1 - 45.9 - 58.0 - 70.7 - 83.8 (12.3-12.3)
199104030307	芝	右	2000	晴	良	13:25	4歳未勝利		1991-8-17	3	新潟	3	4歳未勝利	(馬齢)	4	210	1	4	110	1	7	140	4	3.0	130	2.0	4-7	640	3																							12.7 - 11.5 - 12.2 - 12.3 - 12.6 - 11.8 - 12.0 - 11.8 - 12.0 - 13.0	12.7 - 24.2 - 36.4 - 48.7 - 61.3 - 73.1 - 85.1 - 96.9 - 108.9 - 121.9 (12.7-12.7)
199104030308	芝	右	1000	晴	良	13:55	4歳以上500万下		1991-8-17	3	新潟	3	4歳以上500万下	(別定)	11	250	1	11	130	1	2	430	9	10.0	230	4.0	2-8	1880	8																							12.0 - 10.5 - 11.4 - 12.0 - 12.5	12.0 - 22.5 - 33.9 - 45.9 - 58.4 (12.0-12.0)
199104030309	芝	右	1800	晴	良	14:30	春日山特別 		1991-8-17	3	新潟	3	4歳以上500万下	(別定)	5	1820	7	5	590	6	6	170	1				5-6	1680	8																							12.9 - 12.1 - 13.3 - 12.5 - 12.5 - 11.8 - 11.8 - 12.0 - 12.1	12.9 - 25.0 - 38.3 - 50.8 - 63.3 - 75.1 - 86.9 - 98.9 - 111.0 (12.9-12.9)
199104030310	ダ	右	1200	晴	良	15:05	中ノ岳特別 		1991-8-17	3	新潟	3	4歳以上500万下	(別定)	4	160	1	4	110	1	2	150	3	11.0	190	4.0	2-4	470	2																							12.2 - 11.2 - 11.3 - 12.0 - 12.8 - 13.0	12.2 - 23.4 - 34.7 - 46.7 - 59.5 - 72.5 (12.2-12.2)
199104030311	芝	右	1400	晴	良	15:40	飯豊特別 		1991-8-17	3	新潟	3	4歳以上900万下	牝(別定)	1	610	2	1	240	3	4	950	10	9.0	370	6.0	1-4	11660	27																							12.2 - 10.5 - 11.1 - 11.5 - 11.9 - 12.0 - 12.4	12.2 - 22.7 - 33.8 - 45.3 - 57.2 - 69.2 - 81.6 (12.2-12.2)
199104030401	芝	右	1000	晴	良	10:10	3歳未勝利		1991-8-18	3	新潟	4	3歳未勝利	(混)(馬齢)	2	2050	5	2	200	5	5	120	2	1.0	100	1.0	2-5	3050	8																							12.4 - 10.7 - 11.3 - 11.7 - 12.2	12.4 - 23.1 - 34.4 - 46.1 - 58.3 (12.4-12.4)
199104030402	芝	右	1000	晴	良	10:35	4歳未勝利		1991-8-18	3	新潟	4	4歳未勝利	(馬齢)	1	340	1	1	140	1	12	140	2	9.0	300	6.0	1-8	650	2																							12.1 - 10.5 - 11.3 - 11.9 - 12.5	12.1 - 22.6 - 33.9 - 45.8 - 58.3 (12.1-12.1)
199104030403	芝	右	1600	晴	良	11:00	4歳未勝利		1991-8-18	3	新潟	4	4歳未勝利	(馬齢)	3	910	4	3	200	4	2	140	1	9.0	1,050	8.0	2-3	1260	5																							12.5 - 10.6 - 11.3 - 11.7 - 12.3 - 12.3 - 12.8 - 12.8	12.5 - 23.1 - 34.4 - 46.1 - 58.4 - 70.7 - 83.5 - 96.3 (12.5-12.5)
199104030404	芝	右	1200	晴	良	11:25	3歳新馬		1991-8-18	3	新潟	4	3歳新馬	(混)(馬齢)	5	780	4	5	210	4	6	130	1	7.0	370	7.0	5-6	850	4																							12.0 - 10.7 - 11.6 - 12.3 - 12.3 - 12.2	12.0 - 22.7 - 34.3 - 46.6 - 58.9 - 71.1 (12.0-12.0)
199104030405	ダ	右	1200	晴	良	11:55	4歳未勝利		1991-8-18	3	新潟	4	4歳未勝利	(馬齢)	6	220	1	6	120	1	8	140	3	3.0	130	2.0	6-8	600	2																							12.2 - 11.6 - 11.9 - 12.5 - 13.2 - 13.3	12.2 - 23.8 - 35.7 - 48.2 - 61.4 - 74.7 (12.2-12.2)
199104030406	ダ	右	1200	晴	良	12:55	4歳未勝利		1991-8-18	3	新潟	4	4歳未勝利	(馬齢)	7	370	2	7	110	2	4	100	1	8.0	150	3.0	4-7	300	1																							12.0 - 11.5 - 11.7 - 12.5 - 13.3 - 13.6	12.0 - 23.5 - 35.2 - 47.7 - 61.0 - 74.6 (12.0-12.0)
199104030407	芝	右	1800	晴	良	13:25	4歳未勝利		1991-8-18	3	新潟	4	4歳未勝利	(父)(馬齢)	8	580	3	8	230	4	5	230	3	6.0	320	6.0	5-7	1780	10																							12.7 - 11.6 - 11.8 - 11.8 - 12.1 - 12.2 - 12.2 - 12.3 - 12.1	12.7 - 24.3 - 36.1 - 47.9 - 60.0 - 72.2 - 84.4 - 96.7 - 108.8 (12.7-12.7)
199104030408	ダ	右	1700	晴	良	13:55	4歳以上500万下		1991-8-18	3	新潟	4	4歳以上500万下	(別定)	11	890	4	11	230	4	4	210	3	10.0	120	1.0	4-8	750	2																							7.2 - 11.3 - 12.8 - 12.8 - 12.8 - 12.3 - 12.5 - 12.7 - 13.0	7.2 - 18.5 - 31.3 - 44.1 - 56.9 - 69.2 - 81.7 - 94.4 - 107.4 (7.2-7.2)
199104030409	芝	右	1400	晴	良	14:30	越後特別 		1991-8-18	3	新潟	4	4歳以上500万下	(混)(別定)	2	500	4	2	190	4	5	180	3	8.0	1,030	10.0	2-5	1300	6																							12.3 - 10.5 - 11.0 - 11.5 - 11.8 - 12.4 - 13.0	12.3 - 22.8 - 33.8 - 45.3 - 57.1 - 69.5 - 82.5 (12.3-12.3)
199104030410	芝	右	2200	晴	良	15:05	日本海ステークス 		1991-8-18	3	新潟	4	4歳以上900万下	(混)(ハンデ)	8	210	1	8	110	1	14	190	3	9.0	140	2.0	5-8	400	1																							12.5 - 11.7 - 12.0 - 12.7 - 12.5 - 12.4 - 12.0 - 12.2 - 11.9 - 12.1 - 12.2	12.5 - 24.2 - 36.2 - 48.9 - 61.4 - 73.8 - 85.8 - 98.0 - 109.9 - 122.0 - 134.2 (12.5-12.5)
199104030411	ダ	右	1700	晴	良	15:40	関越ステークス 		1991-8-18	3	新潟	4	4歳以上オープン	(混)(別定)	2	710	3	2	180	3	5	170	2	7.0	330	5.0	2-5	1410	6																							7.2 - 11.3 - 12.2 - 12.3 - 12.4 - 12.5 - 13.0 - 13.1 - 13.2	7.2 - 18.5 - 30.7 - 43.0 - 55.4 - 67.9 - 80.9 - 94.0 - 107.2 (7.2-7.2)
199104030501	ダ	右	1200	晴	良	10:10	4歳未勝利		1991-8-24	3	新潟	5	4歳未勝利	(混)(馬齢)	5	250	1	5	130	2	4	120	1	7.0	300	7.0	4-5	340	1																							12.2 - 11.2 - 11.6 - 12.5 - 13.4 - 13.8	12.2 - 23.4 - 35.0 - 47.5 - 60.9 - 74.7 (12.2-12.2)
199104030502	ダ	右	1700	晴	良	10:35	4歳未勝利		1991-8-24	3	新潟	5	4歳未勝利	牝(馬齢)	1	400	3	1	140	3	4	180	4	3.0	270	5.0	1-4	1040	5																							7.0 - 11.2 - 12.4 - 12.6 - 13.5 - 13.1 - 13.4 - 13.6 - 13.9	7.0 - 18.2 - 30.6 - 43.2 - 56.7 - 69.8 - 83.2 - 96.8 - 110.7 (7.0-7.0)
199104030503	芝	右	1200	晴	良	11:00	4歳未勝利		1991-8-24	3	新潟	5	4歳未勝利	(馬齢)	9	430	2	9	130	2	6	120	1	4.0	180	3.0	4-5	490	1																							12.1 - 10.9 - 11.4 - 11.7 - 12.1 - 12.6	12.1 - 23.0 - 34.4 - 46.1 - 58.2 - 70.8 (12.1-12.1)
199104030504	芝	右	1800	晴	良	11:25	4歳未勝利		1991-8-24	3	新潟	5	4歳未勝利	(馬齢)	6	870	4	6	180	4	3	110	1	12.0	460	8.0	3-5	400	1																							12.5 - 11.3 - 12.1 - 12.2 - 12.4 - 12.1 - 11.7 - 11.9 - 12.3	12.5 - 23.8 - 35.9 - 48.1 - 60.5 - 72.6 - 84.3 - 96.2 - 108.5 (12.5-12.5)
199104030505	障		2800	晴	良	11:55	障害4歳以上未勝利		1991-8-24	3	新潟	5	障害4歳以上未勝利	(馬齢)	6	250	2	6	110	2	2	110	1	8.0	980	10.0	2-6	160	1																								
199104030506	ダ	右	1700	晴	良	12:55	4歳以上500万下		1991-8-24	3	新潟	5	4歳以上500万下	(別定)	7	130	1	7	110	1	6	300	6	5.0	160	4.0	6-7	1350	5																							7.5 - 11.3 - 12.8 - 12.6 - 13.2 - 12.5 - 12.8 - 13.1 - 13.3	7.5 - 18.8 - 31.6 - 44.2 - 57.4 - 69.9 - 82.7 - 95.8 - 109.1 (7.5-7.5)
199104030507	ダ	右	1700	曇	良	13:25	4歳以上500万下		1991-8-24	3	新潟	5	4歳以上500万下	(別定)	8	210	1	8	130	1	1	200	4	6.0	300	7.0	1-8	1030	4																							7.0 - 11.3 - 13.2 - 13.0 - 12.7 - 12.3 - 12.9 - 12.9 - 13.2	7.0 - 18.3 - 31.5 - 44.5 - 57.2 - 69.5 - 82.4 - 95.3 - 108.5 (7.0-7.0)
199104030508	芝	右	1600	曇	良	13:55	4歳以上500万下		1991-8-24	3	新潟	5	4歳以上500万下	(別定)	2	460	3	2	160	3	6	480	8	9.0	140	1.0	2-6	1230	6																							12.7 - 10.8 - 11.7 - 11.8 - 12.1 - 11.8 - 12.0 - 12.1	12.7 - 23.5 - 35.2 - 47.0 - 59.1 - 70.9 - 82.9 - 95.0 (12.7-12.7)
199104030601	芝	右	1200	晴	良	10:10	3歳未勝利		1991-8-25	3	新潟	6	3歳未勝利	[抽](馬齢)	5	330	2	5	110	2	7	150	3	8.0	100	1.0	5-7	1000	4																							12.4 - 11.3 - 12.0 - 12.5 - 12.7 - 12.8	12.4 - 23.7 - 35.7 - 48.2 - 60.9 - 73.7 (12.4-12.4)
199104030602	ダ	右	1700	晴	良	10:35	4歳未勝利		1991-8-25	3	新潟	6	4歳未勝利	(馬齢)	6	790	4	6	250	5	7	150	1	2.0	1,870	10.0	6-7	1250	5																							7.4 - 11.1 - 12.5 - 12.8 - 13.3 - 12.7 - 13.4 - 14.2 - 13.9	7.4 - 18.5 - 31.0 - 43.8 - 57.1 - 69.8 - 83.2 - 97.4 - 111.3 (7.4-7.4)
199104030603	芝	右	1400	晴	良	11:00	4歳未勝利		1991-8-25	3	新潟	6	4歳未勝利	(馬齢)	4	210	2	4	110	2	9	140	3	5.0	100	1.0	4-8	710	3																							12.9 - 11.1 - 11.4 - 11.9 - 11.8 - 11.7 - 12.1	12.9 - 24.0 - 35.4 - 47.3 - 59.1 - 70.8 - 82.9 (12.9-12.9)
199104030604	芝	右	1400	晴	良	11:25	4歳未勝利		1991-8-25	3	新潟	6	4歳未勝利	(馬齢)	1	150	1	1	110	1	6	190	4	3.0	490	8.0	1-6	640	3																							12.7 - 11.0 - 11.5 - 11.7 - 11.7 - 12.1 - 12.2	12.7 - 23.7 - 35.2 - 46.9 - 58.6 - 70.7 - 82.9 (12.7-12.7)
199104030605	芝	右	1200	晴	良	11:55	3歳新馬		1991-8-25	3	新潟	6	3歳新馬	(混)(馬齢)	2	1970	6	2	380	6	3	120	1	11.0	160	3.0	2-3	2800	11																							12.4 - 11.2 - 11.8 - 11.9 - 12.1 - 12.4	12.4 - 23.6 - 35.4 - 47.3 - 59.4 - 71.8 (12.4-12.4)
199104030606	芝	右	1600	曇	良	12:55	4歳未勝利		1991-8-25	3	新潟	6	4歳未勝利	(馬齢)	1	160	1	1	110	1	7	250	6	2.0	220	4.0	1-7	1140	6																							12.3 - 11.6 - 11.7 - 11.7 - 12.0 - 11.7 - 12.2 - 12.4	12.3 - 23.9 - 35.6 - 47.3 - 59.3 - 71.0 - 83.2 - 95.6 (12.3-12.3)
199104030607	芝	右	2000	曇	良	13:25	4歳未勝利		1991-8-25	3	新潟	6	4歳未勝利	(馬齢)	6	320	1	6	120	1	4	150	3	7.0	150	2.0	4-6	660	2																							12.8 - 11.7 - 11.9 - 12.9 - 13.4 - 12.3 - 12.7 - 11.9 - 11.9 - 12.5	12.8 - 24.5 - 36.4 - 49.3 - 62.7 - 75.0 - 87.7 - 99.6 - 111.5 - 124.0 (12.8-12.8)
199104030608	ダ	右	1000	曇	良	13:55	4歳以上500万下		1991-8-25	3	新潟	6	4歳以上500万下	(混)(別定)	11	260	1	11	110	1	12	130	2	9.0	200	4.0	8-8	380	1																							12.3 - 11.1 - 11.6 - 12.1 - 12.3	12.3 - 23.4 - 35.0 - 47.1 - 59.4 (12.3-12.3)
199104030609	ダ	右	1700	曇	良	14:30	村上特別 		1991-8-25	3	新潟	6	4歳以上500万下	(別定)	3	140	1	3	100	1	6	130	2				3-6	210	1																							7.1 - 11.2 - 12.3 - 12.5 - 12.9 - 12.6 - 12.7 - 12.9 - 13.0	7.1 - 18.3 - 30.6 - 43.1 - 56.0 - 68.6 - 81.3 - 94.2 - 107.2 (7.1-7.1)
199104030610	芝	右	1200	曇	良	15:05	湯沢特別 		1991-8-25	3	新潟	6	4歳以上500万下	牝(別定)	3	740	5	3	240	5	9	150	1	2.0	390	9.0	3-7	1250	7																							12.1 - 11.0 - 11.4 - 11.5 - 12.0 - 12.2	12.1 - 23.1 - 34.5 - 46.0 - 58.0 - 70.2 (12.1-12.1)
199104030611	芝	右	2000	曇	良	15:40	新潟記念	G3	1991-8-25	3	新潟	6	4歳以上オープン	(ハンデ)	6	640	2	6	230	2	10	420	7	2.0	400	6.0	4-6	1440	6																							12.4 - 11.6 - 12.3 - 12.1 - 12.0 - 11.8 - 12.0 - 11.6 - 12.1 - 12.3	12.4 - 24.0 - 36.3 - 48.4 - 60.4 - 72.2 - 84.2 - 95.8 - 107.9 - 120.2 (12.4-12.4)
199104030612	芝	右	1800	曇	良	16:15	4歳以上500万下		1991-8-25	3	新潟	6	4歳以上500万下	(別定)	5	570	4	5	160	3	7	140	1	6.0	340	7.0	5-7	760	3																							12.6 - 11.8 - 12.6 - 12.8 - 12.2 - 12.0 - 11.9 - 12.0 - 12.2	12.6 - 24.4 - 37.0 - 49.8 - 62.0 - 74.0 - 85.9 - 97.9 - 110.1 (12.6-12.6)
199104030701	芝	右	1000	雨	不良	10:10	3歳新馬		1991-8-31	3	新潟	7	3歳新馬	(混)(馬齢)	6	170	1	6	100	2	5	100	1				5-6	140	1																							12.2 - 11.0 - 11.8 - 12.1 - 12.3	12.2 - 23.2 - 35.0 - 47.1 - 59.4 (12.2-12.2)
199104030702	芝	右	1200	雨	不良	10:35	3歳未勝利		1991-8-31	3	新潟	7	3歳未勝利	(混)(馬齢)	10	610	4	10	180	4	15	140	1	6.0	150	2.0	6-8	540	2																							12.1 - 11.0 - 11.6 - 12.1 - 12.9 - 13.2	12.1 - 23.1 - 34.7 - 46.8 - 59.7 - 72.9 (12.1-12.1)
199104030703	ダ	右	1000	曇	不良	11:00	4歳未勝利		1991-8-31	3	新潟	7	4歳未勝利	(馬齢)	6	170	1	6	100	1	9	160	3	5.0	150	2.0	5-7	380	1																							12.4 - 11.1 - 12.3 - 12.8 - 12.9	12.4 - 23.5 - 35.8 - 48.6 - 61.5 (12.4-12.4)
199104030704	芝	右	2000	曇	不良	11:25	4歳未勝利		1991-8-31	3	新潟	7	4歳未勝利	(混)(馬齢)	8	230	1	8	120	2	4	390	6	3.0	110	1.0	4-8	3830	9																							12.6 - 12.1 - 12.8 - 13.1 - 12.7 - 12.5 - 12.6 - 11.9 - 12.4 - 12.6	12.6 - 24.7 - 37.5 - 50.6 - 63.3 - 75.8 - 88.4 - 100.3 - 112.7 - 125.3 (12.6-12.6)
199104030705	障		2800	曇	不良	11:55	障害4歳以上400万下		1991-8-31	3	新潟	7	障害4歳以上400万下	(混)(馬齢)	2	430	4	2	150	2	3	140	1				2-3	530	3																								
199104030706	ダ	右	1700	雨	不良	12:55	4歳未勝利		1991-8-31	3	新潟	7	4歳未勝利	(馬齢)	1	910	4	1	160	3	4	100	1	3.0	150	2.0	1-4	650	4																							7.0 - 11.1 - 12.1 - 12.4 - 12.9 - 12.7 - 12.8 - 12.8 - 13.4	7.0 - 18.1 - 30.2 - 42.6 - 55.5 - 68.2 - 81.0 - 93.8 - 107.2 (7.0-7.0)
199104030707	芝	右	1000	雨	不良	13:25	4歳以上500万下		1991-8-31	3	新潟	7	4歳以上500万下	(別定)	3	230	1	3	120	1	7	180	4	5.0	150	3.0	3-7	850	3																							11.8 - 10.6 - 11.4 - 12.0 - 12.6	11.8 - 22.4 - 33.8 - 45.8 - 58.4 (11.8-11.8)
199104030708	芝	右	1400	曇	不良	13:55	4歳以上500万下		1991-8-31	3	新潟	7	4歳以上500万下	(別定)	1	1030	5	1	330	6	2	1,070	9	3.0	1,010	8.0	1-2	10990	17																							12.5 - 11.1 - 11.7 - 12.1 - 12.1 - 12.5 - 12.5	12.5 - 23.6 - 35.3 - 47.4 - 59.5 - 72.0 - 84.5 (12.5-12.5)
199104030709	ダ	右	1700	雨	不良	14:30	八海山特別 		1991-8-31	3	新潟	7	4歳以上500万下	(別定)	1	1060	5	1	320	6	9	280	4	3.0	370	7.0	1-8	1330	7																							7.0 - 11.0 - 12.0 - 12.6 - 13.1 - 12.4 - 12.7 - 12.9 - 12.7	7.0 - 18.0 - 30.0 - 42.6 - 55.7 - 68.1 - 80.8 - 93.7 - 106.4 (7.0-7.0)
199104030710	芝	右	2000	曇	不良	15:05	羽黒山特別 		1991-8-31	3	新潟	7	4歳以上500万下	(別定)	9	300	3	9	120	3	5	110	2	6.0	110	1.0	5-8	470	2																							12.7 - 11.9 - 12.6 - 13.1 - 12.9 - 12.4 - 12.4 - 11.7 - 12.1 - 11.8	12.7 - 24.6 - 37.2 - 50.3 - 63.2 - 75.6 - 88.0 - 99.7 - 111.8 - 123.6 (12.7-12.7)
199104030711	芝	右	1200	曇	不良	15:40	苗場特別 		1991-8-31	3	新潟	7	4歳以上900万下	(混)(別定)	12	250	1	12	140	1	8	480	6	7.0	190	3.0	5-7	700	2																							12.1 - 10.9 - 11.2 - 11.8 - 12.1 - 12.4	12.1 - 23.0 - 34.2 - 46.0 - 58.1 - 70.5 (12.1-12.1)
199104030801	ダ	右	1200	晴	重	10:10	3歳未勝利		1991-9-1	3	新潟	8	3歳未勝利	[抽](馬齢)	3	770	4	3	480	3	6	610	5				3-6	3260	10																							12.6 - 11.8 - 12.1 - 12.7 - 13.6 - 12.8	12.6 - 24.4 - 36.5 - 49.2 - 62.8 - 75.6 (12.6-12.6)
199104030802	芝	右	1200	晴	稍重	10:35	3歳新馬		1991-9-1	3	新潟	8	3歳新馬	(馬齢)	2	2480	5	2	350	4	6	110	1				2-6	1070	3																							12.1 - 11.1 - 11.6 - 12.1 - 12.7 - 11.9	12.1 - 23.2 - 34.8 - 46.9 - 59.6 - 71.5 (12.1-12.1)
199104030803	ダ	右	1700	晴	重	11:00	4歳未勝利		1991-9-1	3	新潟	8	4歳未勝利	(馬齢)	5	580	3	5	250	4	2	410	9	9.0	550	10.0	2-5	4150	21																							7.0 - 11.1 - 12.2 - 12.6 - 12.8 - 12.6 - 13.2 - 13.7 - 13.2	7.0 - 18.1 - 30.3 - 42.9 - 55.7 - 68.3 - 81.5 - 95.2 - 108.4 (7.0-7.0)
199104030804	芝	右	1400	晴	稍重	11:25	4歳未勝利		1991-9-1	3	新潟	8	4歳未勝利	牝(馬齢)	8	770	3	8	250	5	11	170	2	4.0	250	3.0	5-6	1370	6																							12.2 - 10.7 - 11.2 - 11.7 - 12.1 - 12.6 - 12.9	12.2 - 22.9 - 34.1 - 45.8 - 57.9 - 70.5 - 83.4 (12.2-12.2)
199104030805	芝	右	1600	晴	稍重	11:55	4歳未勝利		1991-9-1	3	新潟	8	4歳未勝利	(馬齢)	9	1430	6	9	280	5	3	230	4	4.0	180	3.0	3-8	4650	16																							12.4 - 11.5 - 11.8 - 12.1 - 12.5 - 12.3 - 12.7 - 12.4	12.4 - 23.9 - 35.7 - 47.8 - 60.3 - 72.6 - 85.3 - 97.7 (12.4-12.4)
199104030806	芝	右	1600	晴	良	12:55	4歳未勝利		1991-9-1	3	新潟	8	4歳未勝利	(馬齢)	1	200	1	1	120	1	2	170	4	4.0	310	6.0	1-2	590	2																							12.4 - 10.8 - 11.6 - 11.9 - 12.3 - 12.5 - 12.5 - 12.4	12.4 - 23.2 - 34.8 - 46.7 - 59.0 - 71.5 - 84.0 - 96.4 (12.4-12.4)
199104030807	芝	右	1800	晴	良	13:25	4歳未勝利		1991-9-1	3	新潟	8	4歳未勝利	(馬齢)	7	680	4	7	200	4	1	150	2	2.0	820	9.0	1-7	1090	5																							12.7 - 11.4 - 12.1 - 12.9 - 12.3 - 12.2 - 12.5 - 12.9 - 12.5	12.7 - 24.1 - 36.2 - 49.1 - 61.4 - 73.6 - 86.1 - 99.0 - 111.5 (12.7-12.7)
199104030808	ダ	右	1200	晴	稍重	13:55	4歳以上500万下		1991-9-1	3	新潟	8	4歳以上500万下	(別定)	6	200	1	6	120	1	10	150	2	11.0	170	4.0	5-7	510	2																							12.0 - 10.9 - 11.4 - 12.2 - 13.2 - 13.1	12.0 - 22.9 - 34.3 - 46.5 - 59.7 - 72.8 (12.0-12.0)
199104030809	芝	右	1600	晴	良	14:30	三国特別 		1991-9-1	3	新潟	8	4歳以上500万下	(混)(別定)	5	510	2	5	140	2	4	110	1	7.0	170	4.0	4-5	330	1																							12.3 - 10.8 - 11.4 - 11.9 - 12.3 - 12.3 - 12.4 - 12.1	12.3 - 23.1 - 34.5 - 46.4 - 58.7 - 71.0 - 83.4 - 95.5 (12.3-12.3)
199104030810	芝	右	2000	晴	良	15:05	佐渡ステークス 		1991-9-1	3	新潟	8	4歳以上900万下	(ハンデ)	10	280	1	10	130	1	8	140	2	12.0	340	6.0	6-7	390	1																							12.6 - 12.0 - 12.3 - 12.5 - 12.1 - 11.8 - 12.0 - 12.1 - 12.2 - 12.4	12.6 - 24.6 - 36.9 - 49.4 - 61.5 - 73.3 - 85.3 - 97.4 - 109.6 - 122.0 (12.6-12.6)
199104030811	芝	右	1200	晴	良	15:40	新潟3歳ステークス	G3	1991-9-1	3	新潟	8	3歳オープン	(馬齢)	8	410	2	8	190	2	14	740	14	13.0	550	10.0	5-8	3420	14																							11.8 - 10.6 - 11.1 - 12.1 - 12.5 - 12.6	11.8 - 22.4 - 33.5 - 45.6 - 58.1 - 70.7 (11.8-11.8)
199104010110	芝	右	2000	晴	稍重	15:10	糸魚川特別 		1991-4-20	1	新潟	1	4歳以上500万下	(混)(別定)	6	1630	8	6	400	7	12	160	2	11.0	230	4.0	5-8	2050	11																							12.7 - 11.8 - 12.1 - 12.8 - 12.2 - 12.4 - 12.8 - 12.3 - 11.7 - 11.8	12.7 - 24.5 - 36.6 - 49.4 - 61.6 - 74.0 - 86.8 - 99.1 - 110.8 - 122.6 (12.7-12.7)
199104010211	芝	右	1600	晴	良	15:45	谷川岳ステークス 		1991-4-21	1	新潟	2	4歳以上オープン	(混)(別定)	9	210	1	9	170	2	4	460	7	8.0	820	9.0	4-8	2340	10																							12.6 - 11.3 - 11.4 - 11.4 - 12.2 - 12.0 - 11.7 - 12.0	12.6 - 23.9 - 35.3 - 46.7 - 58.9 - 70.9 - 82.6 - 94.6 (12.6-12.6)
199104030101	ダ	右	1000	晴	良	10:10	4歳未勝利		1991-8-10	3	新潟	1	4歳未勝利	牝(馬齢)	1	1630	5	1	250	5	12	100	1	9.0	150	3.0	1-8	1000	3																							12.8 - 11.1 - 11.8 - 12.9 - 12.6	12.8 - 23.9 - 35.7 - 48.6 - 61.2 (12.8-12.8)
199104030102	ダ	右	1700	晴	良	10:35	4歳未勝利		1991-8-10	3	新潟	1	4歳未勝利	(混)(馬齢)	7	330	2	7	160	2	9	230	4	4.0	1,090	8.0	7-8	520	3																							7.3 - 11.3 - 12.0 - 12.8 - 13.5 - 12.7 - 13.4 - 13.9 - 13.5	7.3 - 18.6 - 30.6 - 43.4 - 56.9 - 69.6 - 83.0 - 96.9 - 110.4 (7.3-7.3)
199104030103	芝	右	1000	晴	良	11:00	3歳新馬		1991-8-10	3	新潟	1	3歳新馬	(混)(馬齢)	8	310	2	8	120	2	9	120	1	5.0	180	4.0	7-8	290	1																							12.3 - 10.9 - 11.8 - 12.1 - 11.5	12.3 - 23.2 - 35.0 - 47.1 - 58.6 (12.3-12.3)
199104030104	芝	右	1200	晴	良	11:25	4歳未勝利		1991-8-10	3	新潟	1	4歳未勝利	(馬齢)	14	150	1	14	110	1	6	110	2	2.0	180	3.0	4-8	220	1																							12.0 - 10.6 - 11.0 - 11.9 - 12.2 - 12.5	12.0 - 22.6 - 33.6 - 45.5 - 57.7 - 70.2 (12.0-12.0)
199104030105	障		2800	晴	良	11:55	障害4歳以上未勝利		1991-8-10	3	新潟	1	障害4歳以上未勝利	(混)(馬齢)	6	250	1	6	100	2	2	110	3	10.0	100	1.0	2-6	410	3																								
199104030106	芝	右	1800	晴	良	12:55	4歳未勝利		1991-8-10	3	新潟	1	4歳未勝利	(馬齢)	7	4180	11	7	1,080	11	4	380	5	6.0	340	4.0	4-5	750	3																							12.9 - 11.7 - 13.1 - 12.1 - 12.3 - 12.0 - 12.1 - 12.7 - 12.4	12.9 - 24.6 - 37.7 - 49.8 - 62.1 - 74.1 - 86.2 - 98.9 - 111.3 (12.9-12.9)
199104030107	芝	右	1200	晴	良	13:25	4歳以上500万下		1991-8-10	3	新潟	1	4歳以上500万下	(別定)	6	670	3	6	210	3	2	300	7	3.0	120	1.0	2-6	5320	21																							12.0 - 10.7 - 11.2 - 12.0 - 12.2 - 12.2	12.0 - 22.7 - 33.9 - 45.9 - 58.1 - 70.3 (12.0-12.0)
199104030108	芝	右	1200	晴	良	13:55	4歳以上500万下		1991-8-10	3	新潟	1	4歳以上500万下	(別定)	9	280	2	9	140	2	4	1,480	9	3.0	240	4.0	4-8	14320	18																							11.8 - 10.5 - 10.9 - 11.5 - 12.4 - 12.5	11.8 - 22.3 - 33.2 - 44.7 - 57.1 - 69.6 (11.8-11.8)
199104020606	芝	右	1600	曇	良	12:55	4歳未勝利		1991-7-28	2	新潟	6	4歳未勝利	(馬齢)	1	1320	5	1	340	5	11	530	10	14.0	120	1.0	1-7	3660	13																							12.5 - 11.1 - 11.7 - 12.0 - 12.8 - 12.6 - 12.1 - 11.8	12.5 - 23.6 - 35.3 - 47.3 - 60.1 - 72.7 - 84.8 - 96.6 (12.5-12.5)
199104020607	芝	右	2000	曇	良	13:25	4歳未勝利		1991-7-28	2	新潟	6	4歳未勝利	(馬齢)	5	1030	5	5	250	5	1	160	4	4.0	130	2.0	1-5	2030	9																							12.7 - 11.6 - 12.8 - 12.5 - 12.7 - 12.3 - 12.3 - 12.2 - 12.2 - 11.8	12.7 - 24.3 - 37.1 - 49.6 - 62.3 - 74.6 - 86.9 - 99.1 - 111.3 - 123.1 (12.7-12.7)
199104020608	芝	右	1600	曇	良	13:55	4歳以上500万下		1991-7-28	2	新潟	6	4歳以上500万下	(父)(別定)	3	540	3	3	240	5	10	1,000	11	11.0	150	1.0	3-8	800	3																							12.8 - 11.0 - 11.6 - 11.8 - 12.4 - 12.3 - 11.9 - 11.7	12.8 - 23.8 - 35.4 - 47.2 - 59.6 - 71.9 - 83.8 - 95.5 (12.8-12.8)
199104020609	ダ	右	1700	曇	良	14:30	鳥海山特別 		1991-7-28	2	新潟	6	4歳以上500万下	(別定)	1	560	3	1	170	3	2	130	2	3	350	5	1-2	760	3																							7.3 - 10.8 - 11.9 - 12.6 - 12.7 - 12.8 - 13.1 - 12.9 - 12.6	7.3 - 18.1 - 30.0 - 42.6 - 55.3 - 68.1 - 81.2 - 94.1 - 106.7 (7.3-7.3)
